species;subfamily_name
Acrostiba borealis;Aleocharinae
Acrotona aterrima;Aleocharinae
Acrotona brachyoptera;Aleocharinae
Acrotona convergens;Aleocharinae
Acrotona horwoodae;Aleocharinae
Acrotona muscorum;Aleocharinae
Acrotona obfuscata;Aleocharinae
Acrotona parens;Aleocharinae
Acrotona parvula;Aleocharinae
Acrotona pilosicollis;Aleocharinae
Acrotona pseudotenera;Aleocharinae
Acrotona pygmaea;Aleocharinae
Acrotona smithi;Aleocharinae
Acrotona subpygmaea;Aleocharinae
Acrotona sylvicola;Aleocharinae
Adota gnypetoides;Aleocharinae
Adota maritima;Aleocharinae
Adota minuta;Aleocharinae
Adota ushio;Aleocharinae
Agaricochara hampshirensis;Aleocharinae
Agaricochara latissima;Aleocharinae
Agaricomorpha websteri;Aleocharinae
Aleochara albovillosa;Aleocharinae
Aleochara bilineata;Aleocharinae
Aleochara bimaculata;Aleocharinae
Aleochara binotata;Aleocharinae
Aleochara bipustulata;Aleocharinae
Aleochara bisolata;Aleocharinae
Aleochara blackburni;Aleocharinae
Aleochara brevipennis;Aleocharinae
Aleochara brundini;Aleocharinae
Aleochara castaneimarmotae;Aleocharinae
Aleochara castaneipennis;Aleocharinae
Aleochara caviceps;Aleocharinae
Aleochara cf. chrysorrhoa;Aleocharinae
Aleochara clavicornis;Aleocharinae
Aleochara collaris;Aleocharinae
Aleochara cuniculorum;Aleocharinae
Aleochara curtidens;Aleocharinae
Aleochara curtula;Aleocharinae
Aleochara depressa;Aleocharinae
Aleochara discipennis;Aleocharinae
Aleochara fortepunctata;Aleocharinae
Aleochara fucicola;Aleocharinae
Aleochara fumata;Aleocharinae
Aleochara funebris;Aleocharinae
Aleochara gracilicornis;Aleocharinae
Aleochara grisea;Aleocharinae
Aleochara haematoptera;Aleocharinae
Aleochara haemoptera;Aleocharinae
Aleochara hayamai;Aleocharinae
Aleochara heeri;Aleocharinae
Aleochara inconspicua;Aleocharinae
Aleochara inexpectata;Aleocharinae
Aleochara intricata;Aleocharinae
Aleochara irmgardis;Aleocharinae
Aleochara lacertina;Aleocharinae
Aleochara laevigata;Aleocharinae
Aleochara lanuginosa;Aleocharinae
Aleochara lata;Aleocharinae
Aleochara laticornis;Aleocharinae
Aleochara litoralis;Aleocharinae
Aleochara lustrica;Aleocharinae
Aleochara mahagi;Aleocharinae
Aleochara marginipennis;Aleocharinae
Aleochara milleri;Aleocharinae
Aleochara moerens;Aleocharinae
Aleochara moesta;Aleocharinae
Aleochara morion;Aleocharinae
Aleochara nigra;Aleocharinae
Aleochara notula;Aleocharinae
Aleochara nubis;Aleocharinae
Aleochara obscurella;Aleocharinae
Aleochara ocularis;Aleocharinae
Aleochara oxypodia;Aleocharinae
Aleochara pacifica;Aleocharinae
Aleochara puetzi;Aleocharinae
Aleochara punctatella;Aleocharinae
Aleochara rubricalis;Aleocharinae
Aleochara rubripennis;Aleocharinae
Aleochara salsipotens;Aleocharinae
Aleochara sanguinea;Aleocharinae
Aleochara sculptiventris;Aleocharinae
Aleochara segregata;Aleocharinae
Aleochara sekanai;Aleocharinae
Aleochara shelleyae;Aleocharinae
Aleochara signata;Aleocharinae
Aleochara simulatrix;Aleocharinae
Aleochara spadicea;Aleocharinae
Aleochara sparsa;Aleocharinae
Aleochara spissicornis;Aleocharinae
Aleochara squalithorax;Aleocharinae
Aleochara stichai;Aleocharinae
Aleochara suffusa;Aleocharinae
Aleochara sulcicollis;Aleocharinae
Aleochara tahoensis;Aleocharinae
Aleochara thoracica;Aleocharinae
Aleochara transvaalensis;Aleocharinae
Aleochara tristis;Aleocharinae
Aleochara trisulcata;Aleocharinae
Aleochara trivialis;Aleocharinae
Aleochara valida;Aleocharinae
Aleochara verna;Aleocharinae
Aleochara villosa;Aleocharinae
Aleochara yamato;Aleocharinae
Aleochara zerchei;Aleocharinae
Aleodorus bilobatus;Aleocharinae
Alevonota egregia;Aleocharinae
Alevonota gracilenta;Aleocharinae
Alevonota rufotestacea;Aleocharinae
Alfocalea montana;Aleocharinae
Alianta incana;Aleocharinae
Alianta nigella;Aleocharinae
Alisalia minuta;Aleocharinae
Alisalia testacea;Aleocharinae
Aloconota cambrica;Aleocharinae
Aloconota currax;Aleocharinae
Aloconota gregaria;Aleocharinae
Aloconota insecta;Aleocharinae
Aloconota languida;Aleocharinae
Aloconota longicollis;Aleocharinae
Aloconota planifrons;Aleocharinae
Aloconota pseudogregaria;Aleocharinae
Aloconota subgrandis;Aleocharinae
Aloconota sulcifrons;Aleocharinae
Amarochara brevios;Aleocharinae
Amarochara formicina;Aleocharinae
Amarochara forticornis;Aleocharinae
Amaurodera yaoana;Aleocharinae
Amblopusa alaskana;Aleocharinae
Amblopusa magna;Aleocharinae
Amblopusa nr. brevipes;Aleocharinae
Amidobia talpa;Aleocharinae
Amischa analis;Aleocharinae
Amischa bifoveolata;Aleocharinae
Amischa decipiens;Aleocharinae
Amischa forcipata;Aleocharinae
Amischa nigrofusca;Aleocharinae
Amischa nr. analis;Aleocharinae
Amischa nr. normalis;Aleocharinae
Anaulacaspis nigra;Aleocharinae
Anomognathus cuspidatus;Aleocharinae
Atheta aegra;Aleocharinae
Atheta aemula;Aleocharinae
Atheta aeneicollis;Aleocharinae
Atheta aeneipennis;Aleocharinae
Atheta alesi;Aleocharinae
Atheta allocera;Aleocharinae
Atheta altaica;Aleocharinae
Atheta amicula;Aleocharinae
Atheta amplicollis;Aleocharinae
Atheta annexa;Aleocharinae
Atheta aquatica;Aleocharinae
Atheta arctica;Aleocharinae
Atheta atramentaria;Aleocharinae
Atheta basicornis;Aleocharinae
Atheta benickiella;Aleocharinae
Atheta borealis;Aleocharinae
Atheta boreella;Aleocharinae
Atheta bosnica;Aleocharinae
Atheta britanniae;Aleocharinae
Atheta britteni;Aleocharinae
Atheta brumalis;Aleocharinae
Atheta brunneipennis;Aleocharinae
Atheta brunswickensis;Aleocharinae
Atheta burwelli;Aleocharinae
Atheta cadaverina;Aleocharinae
Atheta capsularis;Aleocharinae
Atheta caribou;Aleocharinae
Atheta castanoptera;Aleocharinae
Atheta cauta;Aleocharinae
Atheta celata;Aleocharinae
Atheta chadburnae;Aleocharinae
Atheta cheersae;Aleocharinae
Atheta cinnamoptera;Aleocharinae
Atheta circulicollis;Aleocharinae
Atheta clientula;Aleocharinae
Atheta contristata;Aleocharinae
Atheta corvina;Aleocharinae
Atheta crassicornis;Aleocharinae
Atheta crenuliventris;Aleocharinae
Atheta cribrata;Aleocharinae
Atheta cribripennis;Aleocharinae
Atheta cryptica;Aleocharinae
Atheta curtipenis;Aleocharinae
Atheta curvipennis;Aleocharinae
Atheta dadopora;Aleocharinae
Atheta debilis;Aleocharinae
Atheta deformis;Aleocharinae
Atheta depressicollis;Aleocharinae
Atheta difficilis;Aleocharinae
Atheta dilaticornis;Aleocharinae
Atheta districta;Aleocharinae
Atheta diversa;Aleocharinae
Atheta ebenina;Aleocharinae
Atheta elongatula;Aleocharinae
Atheta episcopalis;Aleocharinae
Atheta europaea;Aleocharinae
Atheta euryptera;Aleocharinae
Atheta excelsa;Aleocharinae
Atheta fallaciosa;Aleocharinae
Atheta fanatica;Aleocharinae
Atheta formicaensis;Aleocharinae
Atheta frosti;Aleocharinae
Atheta fungi;Aleocharinae
Atheta fungicola;Aleocharinae
Atheta fungivora;Aleocharinae
Atheta gagatina;Aleocharinae
Atheta gilvicollis;Aleocharinae
Atheta godini;Aleocharinae
Atheta graminicola;Aleocharinae
Atheta gyllenhalii;Aleocharinae
Atheta hampshirensis;Aleocharinae
Atheta hansseni;Aleocharinae
Atheta harwoodi;Aleocharinae
Atheta hybrida;Aleocharinae
Atheta hygrobia;Aleocharinae
Atheta hygrotopora;Aleocharinae
Atheta hypnorum;Aleocharinae
Atheta incognita;Aleocharinae
Atheta inquinula;Aleocharinae
Atheta intermedia;Aleocharinae
Atheta irrupta;Aleocharinae
Atheta ischnocera;Aleocharinae
Atheta islandica;Aleocharinae
Atheta keeni;Aleocharinae
Atheta kenyamontis;Aleocharinae
Atheta klagesi;Aleocharinae
Atheta kochi;Aleocharinae
Atheta laevana;Aleocharinae
Atheta lapponica;Aleocharinae
Atheta laticeps;Aleocharinae
Atheta laticollis;Aleocharinae
Atheta lippa;Aleocharinae
Atheta liturata;Aleocharinae
Atheta longiclava;Aleocharinae
Atheta longicornis;Aleocharinae
Atheta luteipes;Aleocharinae
Atheta macrocera;Aleocharinae
Atheta malleus;Aleocharinae
Atheta marcida;Aleocharinae
Atheta meduxnekeagensis;Aleocharinae
Atheta melanaria;Aleocharinae
Atheta melanocera;Aleocharinae
Atheta membranata;Aleocharinae
Atheta metlakatlana;Aleocharinae
Atheta microelytrata;Aleocharinae
Atheta modesta;Aleocharinae
Atheta monroe;Aleocharinae
Atheta monticola;Aleocharinae
Atheta mortuorum;Aleocharinae
Atheta munsteri;Aleocharinae
Atheta myrmecobia;Aleocharinae
Atheta nearctica;Aleocharinae
Atheta negligens;Aleocharinae
Atheta nescia;Aleocharinae
Atheta nesslingi;Aleocharinae
Atheta newfoundlandica;Aleocharinae
Atheta nigra;Aleocharinae
Atheta nigricornis;Aleocharinae
Atheta nigripes;Aleocharinae
Atheta nigritula;Aleocharinae
Atheta novaescotiae;Aleocharinae
Atheta nr. picipennis;Aleocharinae
Atheta oblita;Aleocharinae
Atheta obtusangula;Aleocharinae
Atheta occulta;Aleocharinae
Atheta orbata;Aleocharinae
Atheta pallidicornis;Aleocharinae
Atheta palustris;Aleocharinae
Atheta pandionis;Aleocharinae
Atheta paracrassicornis;Aleocharinae
Atheta particula;Aleocharinae
Atheta pasadenae;Aleocharinae
Atheta pennsylvanica;Aleocharinae
Atheta pervagata;Aleocharinae
Atheta picipennis;Aleocharinae
Atheta picipes;Aleocharinae
Atheta pilicornis;Aleocharinae
Atheta pittionii;Aleocharinae
Atheta platonoffi;Aleocharinae
Atheta procera;Aleocharinae
Atheta prudhoensis;Aleocharinae
Atheta pseudocrenuliventris;Aleocharinae
Atheta pseudoklagesi;Aleocharinae
Atheta pseudometlakatlana;Aleocharinae
Atheta pseudomodesta;Aleocharinae
Atheta pseudopittioni;Aleocharinae
Atheta pseudoschistoglossa;Aleocharinae
Atheta pseudosubtilis;Aleocharinae
Atheta putrida;Aleocharinae
Atheta ravilla;Aleocharinae
Atheta remulsa;Aleocharinae
Atheta riparia;Aleocharinae
Atheta ripicola;Aleocharinae
Atheta ririkoae;Aleocharinae
Atheta savardae;Aleocharinae
Atheta scapularis;Aleocharinae
Atheta scotica;Aleocharinae
Atheta setigera;Aleocharinae
Atheta smetanai;Aleocharinae
Atheta sodalis;Aleocharinae
Atheta sordidula;Aleocharinae
Atheta sparreschneideri;Aleocharinae
Atheta spatuloides;Aleocharinae
Atheta spermathecorum;Aleocharinae
Atheta sphagnicola;Aleocharinae
Atheta stercoris;Aleocharinae
Atheta strandiella;Aleocharinae
Atheta strigosula;Aleocharinae
Atheta struyvei;Aleocharinae
Atheta subglabra;Aleocharinae
Atheta subsinuata;Aleocharinae
Atheta subtilis;Aleocharinae
Atheta taxiceroides;Aleocharinae
Atheta terminalis;Aleocharinae
Atheta terranovae;Aleocharinae
Atheta testaceipes;Aleocharinae
Atheta tibialis;Aleocharinae
Atheta tokiokai;Aleocharinae
Atheta triangulum;Aleocharinae
Atheta trinotata;Aleocharinae
Atheta vaga;Aleocharinae
Atheta ventricosa;Aleocharinae
Atheta vestita;Aleocharinae
Atheta vilis;Aleocharinae
Atheta volans;Aleocharinae
Atheta zosterae;Aleocharinae
Autalia impressa;Aleocharinae
Autalia longicornis;Aleocharinae
Autalia puncticollis;Aleocharinae
Autalia rivularis;Aleocharinae
Autalia truncatula;Aleocharinae
Baeostethus chiltoni;Aleocharinae
Bellatheta microptera;Aleocharinae
Betocalea pacifica;Aleocharinae
Blepharhymenus apicornis;Aleocharinae
Blepharhymenus brendeli;Aleocharinae
Blepharhymenus corsicus;Aleocharinae
Blepharhymenus illectus;Aleocharinae
Bohemiellina flavipennis;Aleocharinae
Bolitochara bella;Aleocharinae
Bolitochara lucida;Aleocharinae
Bolitochara mulsanti;Aleocharinae
Bolitochara obliqua;Aleocharinae
Bolitochara pulchra;Aleocharinae
Boreocypha websteri;Aleocharinae
Boreophilia caseyi;Aleocharinae
Boreophilia davidgei;Aleocharinae
Boreophilia eremita;Aleocharinae
Boreophilia fusca;Aleocharinae
Boreophilia hyperborea;Aleocharinae
Boreophilia islandica;Aleocharinae
Boreophilia munsteri;Aleocharinae
Boreophilia nearctica;Aleocharinae
Boreophilia nomensis;Aleocharinae
Boreophilia ovalis;Aleocharinae
Boreophilia sp.;Aleocharinae
Boreophilia subplana;Aleocharinae
Boreophilia vega;Aleocharinae
Boreophilia venti;Aleocharinae
Boreostiba campbelliana;Aleocharinae
Boreostiba frigida;Aleocharinae
Boreostiba parvipennis;Aleocharinae
Boreostiba piligera;Aleocharinae
Boreostiba sibirica;Aleocharinae
Boreostiba websteri;Aleocharinae
Brachida exigua;Aleocharinae
Brachyusa concolor;Aleocharinae
Brachyusa helenae;Aleocharinae
Brundinia marina;Aleocharinae
Brundinia meridionalis;Aleocharinae
Callicerus obscurus;Aleocharinae
Callicerus rigidicornis;Aleocharinae
Calodera aethiops;Aleocharinae
Calodera nigrita;Aleocharinae
Calodera parviceps;Aleocharinae
Calodera riparia;Aleocharinae
Calodera rufescens;Aleocharinae
Campbellia lucanoides;Aleocharinae
Cephalocousya nivicola;Aleocharinae
Clusiota antennalis;Aleocharinae
Clusiota impressicollis;Aleocharinae
Cordalia obscura;Aleocharinae
Crataraea suturalis;Aleocharinae
Cypha discoidea;Aleocharinae
Cypha inexpectata;Aleocharinae
Cypha laeviuscula;Aleocharinae
Cypha longicornis;Aleocharinae
Cypha tarsalis;Aleocharinae
Cyphea curtula;Aleocharinae
Cyphea wallisi;Aleocharinae
Dacrila fallax;Aleocharinae
Dadobia immersa;Aleocharinae
Dalotia coriaria;Aleocharinae
Dasygnypeta velata;Aleocharinae
Deinopsis erosa;Aleocharinae
Deinopsis harringtoni;Aleocharinae
Deinopsis rhadina;Aleocharinae
Devia prospera;Aleocharinae
Dexiogyia angustiventris;Aleocharinae
Dexiogyia corticina;Aleocharinae
Diaulota alaskana;Aleocharinae
Diaulota aokii;Aleocharinae
Diaulota densissima;Aleocharinae
Diaulota fulviventris;Aleocharinae
Diaulota pacifica;Aleocharinae
Diaulota uenoi;Aleocharinae
Diaulota vandykei;Aleocharinae
Diglotta mersa;Aleocharinae
Diglotta submarina;Aleocharinae
Dinaraea aequata;Aleocharinae
Dinaraea angustula;Aleocharinae
Dinaraea arcana;Aleocharinae
Dinaraea borealis;Aleocharinae
Dinaraea linearis;Aleocharinae
Dinaraea n. sp.;Aleocharinae
Dinaraea pacei;Aleocharinae
Dinarda dentata;Aleocharinae
Dinarda hagensii;Aleocharinae
Dinarda maerkelii;Aleocharinae
Discerota torrentum;Aleocharinae
Dochmonota clancula;Aleocharinae
Dochmonota langori;Aleocharinae
Dochmonota rudiventris;Aleocharinae
Drusilla canaliculata;Aleocharinae
Drusilla mixta;Aleocharinae
Earota dentata;Aleocharinae
Earota reyi;Aleocharinae
Ecitomorpha arachnoides;Aleocharinae
Ecitomorpha cf. breviceps;Aleocharinae
Ecitomorpha cf. nevermanni;Aleocharinae
Ecitophya gracillima;Aleocharinae
Ecitophya rettenmeyeri;Aleocharinae
Ecitophya simulans;Aleocharinae
Emmelostiba microptera;Aleocharinae
Encephalus complicans;Aleocharinae
Eumecognathus sp.;Aleocharinae
Euryusa castanoptera;Aleocharinae
Euryusa optabilis;Aleocharinae
Euryusa pipitzi;Aleocharinae
Euryusa sinuata;Aleocharinae
Euvira micmac;Aleocharinae
Falagria caesa;Aleocharinae
Falagria dissecta;Aleocharinae
Falagria sulcatula;Aleocharinae
Falagrioma thoracica;Aleocharinae
Gennadota canadensis;Aleocharinae
Geostiba appalachigena;Aleocharinae
Geostiba bicarinata;Aleocharinae
Geostiba circellaris;Aleocharinae
Geostiba nubigena;Aleocharinae
Gnathusa caribou;Aleocharinae
Gnathusa eva;Aleocharinae
Gnathusa tenuicornis;Aleocharinae
Gnypeta ashei;Aleocharinae
Gnypeta atrolucens;Aleocharinae
Gnypeta brincki;Aleocharinae
Gnypeta caerulea;Aleocharinae
Gnypeta carbonaria;Aleocharinae
Gnypeta dentata;Aleocharinae
Gnypeta impressicollis;Aleocharinae
Gnypeta lohsei;Aleocharinae
Gnypeta nigrella;Aleocharinae
Gnypeta ripicola;Aleocharinae
Gnypeta rubrior;Aleocharinae
Gnypeta sellmani;Aleocharinae
Gymnusa atra;Aleocharinae
Gymnusa brevicollis;Aleocharinae
Gymnusa campbelli;Aleocharinae
Gymnusa grandiceps;Aleocharinae
Gymnusa konopackii;Aleocharinae
Gymnusa pseudovariegata;Aleocharinae
Gymnusa variegata;Aleocharinae
Gyrophaena affinis;Aleocharinae
Gyrophaena angustata;Aleocharinae
Gyrophaena antennalis;Aleocharinae
Gyrophaena bihamata;Aleocharinae
Gyrophaena boleti;Aleocharinae
Gyrophaena congrua;Aleocharinae
Gyrophaena coniciventris;Aleocharinae
Gyrophaena criddlei;Aleocharinae
Gyrophaena fasciata;Aleocharinae
Gyrophaena flavicornis;Aleocharinae
Gyrophaena fuscicollis;Aleocharinae
Gyrophaena gaudens;Aleocharinae
Gyrophaena gentilis;Aleocharinae
Gyrophaena gilvicollis;Aleocharinae
Gyrophaena gracilis;Aleocharinae
Gyrophaena illiana;Aleocharinae
Gyrophaena insolens;Aleocharinae
Gyrophaena involuta;Aleocharinae
Gyrophaena joyi;Aleocharinae
Gyrophaena joyioides;Aleocharinae
Gyrophaena keeni;Aleocharinae
Gyrophaena laetula;Aleocharinae
Gyrophaena latissima;Aleocharinae
Gyrophaena lewisiana;Aleocharinae
Gyrophaena lobata;Aleocharinae
Gyrophaena manca;Aleocharinae
Gyrophaena meduxnekeagensis;Aleocharinae
Gyrophaena michigana;Aleocharinae
Gyrophaena minima;Aleocharinae
Gyrophaena modesta;Aleocharinae
Gyrophaena munsteri;Aleocharinae
Gyrophaena nana;Aleocharinae
Gyrophaena nanoides;Aleocharinae
Gyrophaena polita;Aleocharinae
Gyrophaena poweri;Aleocharinae
Gyrophaena pseudocriddlei;Aleocharinae
Gyrophaena pulchella;Aleocharinae
Gyrophaena puncticeps;Aleocharinae
Gyrophaena simulans;Aleocharinae
Gyrophaena socia;Aleocharinae
Gyrophaena strictula;Aleocharinae
Gyrophaena subnitens;Aleocharinae
Gyrophaena vitrina;Aleocharinae
Gyrophaena williamsi;Aleocharinae
Gyrophaena yotsudeba;Aleocharinae
Halobrecta algophila;Aleocharinae
Halobrecta cf. halensis;Aleocharinae
Halobrecta cf. halensis ZMUN;Aleocharinae
Halobrecta flavipes;Aleocharinae
Halobrecta puncticeps;Aleocharinae
Halorhadinus aequalis;Aleocharinae
Halorhadinus inaequalis;Aleocharinae
Haploglossa gentilis;Aleocharinae
Haploglossa marginalis;Aleocharinae
Haploglossa nebulosa;Aleocharinae
Haploglossa nidicola;Aleocharinae
Haploglossa picipennis;Aleocharinae
Haploglossa pulla;Aleocharinae
Haploglossa villosula;Aleocharinae
Heterota plumbea;Aleocharinae
Himalusa thailandensis;Aleocharinae
Holobus apicatus;Aleocharinae
Holobus flavicornis;Aleocharinae
Homalota plana;Aleocharinae
Homoeusa acuminata;Aleocharinae
Hoplandria klimaszewskii;Aleocharinae
Hoplandria lateralis;Aleocharinae
Hydrosmecta eximia;Aleocharinae
Hydrosmecta gracilicornis;Aleocharinae
Hydrosmecta longula;Aleocharinae
Hydrosmecta pseudodiosica;Aleocharinae
Hydrosmecta subtilissima;Aleocharinae
Hydrosmecta valdieriana;Aleocharinae
Hygronoma dimidiata;Aleocharinae
Hygropora cunctans;Aleocharinae
Hylota cryptica;Aleocharinae
Hylota ochracea;Aleocharinae
Ianmoorea zealandica;Aleocharinae
Ilyobates bennetti;Aleocharinae
Ilyobates nigricollis;Aleocharinae
Ilyobates subopacus;Aleocharinae
Iotarphia australis;Aleocharinae
Iotarphia magna;Aleocharinae
Iotarphia rufobrunnea;Aleocharinae
Ischnoglossa obscura;Aleocharinae
Ischnoglossa prolixa;Aleocharinae
Ischnopoda leucopus;Aleocharinae
Ischnopoda objecta;Aleocharinae
Ischnopoda umbratica;Aleocharinae
Ischnopoderona gracilicornis;Aleocharinae
Isoglossa triangularis;Aleocharinae
Japanophilus hojoi;Aleocharinae
Leptusa atriceps;Aleocharinae
Leptusa brevicollis;Aleocharinae
Leptusa canonica;Aleocharinae
Leptusa carolinensis;Aleocharinae
Leptusa elegans;Aleocharinae
Leptusa fumida;Aleocharinae
Leptusa gatineauensis;Aleocharinae
Leptusa jucunda;Aleocharinae
Leptusa kitazawai;Aleocharinae
Leptusa opaca;Aleocharinae
Leptusa pilatensis;Aleocharinae
Leptusa pseudopaca;Aleocharinae
Leptusa pulchella;Aleocharinae
Leptusa ruficollis;Aleocharinae
Liogluta alpestris;Aleocharinae
Liogluta castoris;Aleocharinae
Liogluta granigera;Aleocharinae
Liogluta granulosa;Aleocharinae
Liogluta intermedia;Aleocharinae
Liogluta longiuscula;Aleocharinae
Liogluta micans;Aleocharinae
Liogluta microgranulosa;Aleocharinae
Liogluta microptera;Aleocharinae
Liogluta nigropolita;Aleocharinae
Liogluta nitens;Aleocharinae
Liogluta nitidula;Aleocharinae
Liogluta pseudocastoris;Aleocharinae
Liogluta quadricollis;Aleocharinae
Liogluta terminalis;Aleocharinae
Liogluta trapezicollis;Aleocharinae
Liparocephalus brevipennis;Aleocharinae
Liparocephalus cordicollis;Aleocharinae
Liparocephalus litoralis;Aleocharinae
Lomechusa emarginata;Aleocharinae
Lomechusa pubicollis;Aleocharinae
Lomechusoides amurensis;Aleocharinae
Lomechusoides wellenii;Aleocharinae
Lypoglossa angularis;Aleocharinae
Lypoglossa franclemonti;Aleocharinae
Lypoglossa lateralis;Aleocharinae
Lyprocorrhe anceps;Aleocharinae
Meotica anglica;Aleocharinae
Meotica capitalis;Aleocharinae
Meotica exilis;Aleocharinae
Meotica filiformis;Aleocharinae
Meotica finnmarchica;Aleocharinae
Meotica pallens;Aleocharinae
Meronera venustula;Aleocharinae
Metocalea lindgreni;Aleocharinae
Micratheta caudex;Aleocharinae
Mniusa incrassata;Aleocharinae
Mniusa minutissima;Aleocharinae
Mniusa yukonensis;Aleocharinae
Mocyta amblystegii;Aleocharinae
Mocyta breviuscula;Aleocharinae
Mocyta discreta;Aleocharinae
Mocyta fungi;Aleocharinae
Mocyta luteola;Aleocharinae
Mocyta scopula;Aleocharinae
Mocyta sphagnorum;Aleocharinae
Myllaena arcana;Aleocharinae
Myllaena audax;Aleocharinae
Myllaena brevicornis;Aleocharinae
Myllaena cuneata;Aleocharinae
Myllaena dubia;Aleocharinae
Myllaena elongata;Aleocharinae
Myllaena gracilis;Aleocharinae
Myllaena hyperborea;Aleocharinae
Myllaena infuscata;Aleocharinae
Myllaena insomnis;Aleocharinae
Myllaena intermedia;Aleocharinae
Myllaena kaskaskia;Aleocharinae
Myllaena ludificans;Aleocharinae
Myllaena minuta;Aleocharinae
Myllaena procidua;Aleocharinae
Myllaena vulpina;Aleocharinae
Myrmecocephalus cingulatus;Aleocharinae
Myrmecocephalus concinna;Aleocharinae
Myrmecocephalus concinnus;Aleocharinae
Myrmecocephalus gatineauensis;Aleocharinae
Myrmecopora uvida;Aleocharinae
Myrmedonota aidani;Aleocharinae
Nehemitropia lividipennis;Aleocharinae
Nehemitropia sordida;Aleocharinae
Neoisoglossa agnita;Aleocharinae
Neothetalia canadiana;Aleocharinae
Neothetalia columbiana;Aleocharinae
Neothetalia nimia;Aleocharinae
Neothetalia pallitarsis;Aleocharinae
Notothecta flavipes;Aleocharinae
Ocalea badia;Aleocharinae
Ocalea concolor;Aleocharinae
Ocalea corsicana;Aleocharinae
Ocalea picata;Aleocharinae
Ocalea rivularis;Aleocharinae
Ocalea vancouveri;Aleocharinae
Ocyusa asperula;Aleocharinae
Ocyusa canadensis;Aleocharinae
Ocyusa maura;Aleocharinae
Ocyusa picina;Aleocharinae
Oligota granaria;Aleocharinae
Oligota parva;Aleocharinae
Oligota parvula;Aleocharinae
Oligota pumilio;Aleocharinae
Oligota punctulata;Aleocharinae
Oligota pusillima;Aleocharinae
Oreuryalea watanabei;Aleocharinae
Orphnebius draco;Aleocharinae
Orphnebius ferrugineus;Aleocharinae
Osakatheta yasukoae;Aleocharinae
Ousipalia caesula;Aleocharinae
Oxypoda abdominalis;Aleocharinae
Oxypoda acuminata;Aleocharinae
Oxypoda advena;Aleocharinae
Oxypoda alternans;Aleocharinae
Oxypoda amica;Aleocharinae
Oxypoda annularis;Aleocharinae
Oxypoda brachyptera;Aleocharinae
Oxypoda brevicornis;Aleocharinae
Oxypoda canadensis;Aleocharinae
Oxypoda convergens;Aleocharinae
Oxypoda demissa;Aleocharinae
Oxypoda domestica;Aleocharinae
Oxypoda dubia;Aleocharinae
Oxypoda elongatula;Aleocharinae
Oxypoda exoleta;Aleocharinae
Oxypoda flavicornis;Aleocharinae
Oxypoda formiceticola;Aleocharinae
Oxypoda frigida;Aleocharinae
Oxypoda funebris;Aleocharinae
Oxypoda haemorrhoa;Aleocharinae
Oxypoda hiemalis;Aleocharinae
Oxypoda irrasa;Aleocharinae
Oxypoda islandica;Aleocharinae
Oxypoda lacustris;Aleocharinae
Oxypoda lentula;Aleocharinae
Oxypoda longicarinata;Aleocharinae
Oxypoda longipes;Aleocharinae
Oxypoda lucidula;Aleocharinae
Oxypoda nigricornis;Aleocharinae
Oxypoda nimbata;Aleocharinae
Oxypoda opaca;Aleocharinae
Oxypoda orbicollis;Aleocharinae
Oxypoda perexilis;Aleocharinae
Oxypoda praecox;Aleocharinae
Oxypoda procerula;Aleocharinae
Oxypoda pseudoconvergens;Aleocharinae
Oxypoda pseudolacustris;Aleocharinae
Oxypoda recondita;Aleocharinae
Oxypoda rugicollis;Aleocharinae
Oxypoda skalitzkyi;Aleocharinae
Oxypoda soror;Aleocharinae
Oxypoda spectabilis;Aleocharinae
Oxypoda stanleyi;Aleocharinae
Oxypoda strandi;Aleocharinae
Oxypoda subpolaris;Aleocharinae
Oxypoda sylvia;Aleocharinae
Oxypoda togata;Aleocharinae
Oxypoda vancouveri;Aleocharinae
Oxypoda vicina;Aleocharinae
Oxypoda vittata;Aleocharinae
Oxypoda volkeri;Aleocharinae
Oxypoda yukonensis;Aleocharinae
Pachnida nigella;Aleocharinae
Paradilacra densissima;Aleocharinae
Paraleptusa ripicola;Aleocharinae
Paramblopusa borealis;Aleocharinae
Paramblopusa eoa;Aleocharinae
Paranopleta inhabilis;Aleocharinae
Parocalea nearctica;Aleocharinae
Parocalea pseudobaicalica;Aleocharinae
Parocyusa longitarsis;Aleocharinae
Parocyusa rubicunda;Aleocharinae
Pella caliginosa;Aleocharinae
Pella gesneri;Aleocharinae
Pella glooscapi;Aleocharinae
Pella humeralis;Aleocharinae
Pella loricata;Aleocharinae
Pentanota meuseli;Aleocharinae
Phanerota fasciata;Aleocharinae
Philhygra angusticauda;Aleocharinae
Philhygra botanicarum;Aleocharinae
Philhygra clemens;Aleocharinae
Philhygra iterans;Aleocharinae
Philhygra jarmilae;Aleocharinae
Philhygra junii;Aleocharinae
Philhygra laevicollis;Aleocharinae
Philhygra larsoni;Aleocharinae
Philhygra leechi;Aleocharinae
Philhygra luridipennis;Aleocharinae
Philhygra malleoides;Aleocharinae
Philhygra palustris;Aleocharinae
Philhygra proterminalis;Aleocharinae
Philhygra pseudolaevicollis;Aleocharinae
Philhygra pseudolarsoni;Aleocharinae
Philhygra pseudopolaris;Aleocharinae
Philhygra pseudoterminalis;Aleocharinae
Philhygra ripicola;Aleocharinae
Philhygra rostrifera;Aleocharinae
Philhygra sinuipennis;Aleocharinae
Philhygra subpolaris;Aleocharinae
Philhygra terrestris;Aleocharinae
Philhygra varula;Aleocharinae
Phloeopora canadensis;Aleocharinae
Phloeopora concolor;Aleocharinae
Phloeopora corticalis;Aleocharinae
Phloeopora gilbertae;Aleocharinae
Phloeopora teres;Aleocharinae
Phloeopora testacea;Aleocharinae
Phymatura blanchardi;Aleocharinae
Phymatura brevicollis;Aleocharinae
Phytosus balticus;Aleocharinae
Phytosus spinifer;Aleocharinae
Placusa atrata;Aleocharinae
Placusa canadensis;Aleocharinae
Placusa complanata;Aleocharinae
Placusa depressa;Aleocharinae
Placusa despecta;Aleocharinae
Placusa incompleta;Aleocharinae
Placusa pinearum;Aleocharinae
Placusa pseudosuecica;Aleocharinae
Placusa pumilio;Aleocharinae
Placusa tachyporoides;Aleocharinae
Placusa tacomae;Aleocharinae
Placusa vaga;Aleocharinae
Plataraea brunnea;Aleocharinae
Pontomalota opaca;Aleocharinae
Pronomaea korgei;Aleocharinae
Psammostiba hilleri;Aleocharinae
Psammostiba kenaii;Aleocharinae
Pyroglossa pulcherrima;Aleocharinae
Salinamexus koreanus;Aleocharinae
Saphocallus parviceps;Aleocharinae
Schistoglossa aubei;Aleocharinae
Schistoglossa blatchleyi;Aleocharinae
Schistoglossa brunswickensis;Aleocharinae
Schistoglossa campbelli;Aleocharinae
Schistoglossa charlottae;Aleocharinae
Schistoglossa curtipennis;Aleocharinae
Schistoglossa gemina;Aleocharinae
Schistoglossa hampshirensis;Aleocharinae
Schistoglossa pseudocampbelli;Aleocharinae
Schistoglossa sphagnorum;Aleocharinae
Schistoglossa viduata;Aleocharinae
Seeversiella globicollis;Aleocharinae
Silusa alternans;Aleocharinae
Silusa californica;Aleocharinae
Silusa densa;Aleocharinae
Silusa opaca;Aleocharinae
Silusa rubiginosa;Aleocharinae
Silusa vesperis;Aleocharinae
Silusida marginella;Aleocharinae
Sinophilus yukoae;Aleocharinae
Spanioda carissima;Aleocharinae
Stethusa dichroa;Aleocharinae
Stethusa spuriella;Aleocharinae
Stichoglossa semirufa;Aleocharinae
Stictalia brevicornis;Aleocharinae
Stictalia californica;Aleocharinae
Strigota ambigua;Aleocharinae
Strigota obscurata;Aleocharinae
Tachyusa americana;Aleocharinae
Tachyusa balteata;Aleocharinae
Tachyusa coarctata;Aleocharinae
Tachyusa constricta;Aleocharinae
Tachyusa gemma;Aleocharinae
Tachyusa smetanai;Aleocharinae
Tarphiota fucicola;Aleocharinae
Tarphiota geniculata;Aleocharinae
Taxicera cf. perfoliata;Aleocharinae
Taxicera truncata;Aleocharinae
Tetrabothrus claviger;Aleocharinae
Tetradonia cf. marginalis;Aleocharinae
Tetradonia laselvensis;Aleocharinae
Tetradonia laticeps;Aleocharinae
Tetradonia lizonae;Aleocharinae
Tetradonia marginalis;Aleocharinae
Tetradonia tikalensis;Aleocharinae
Thamiaraea americana;Aleocharinae
Thamiaraea brittoni;Aleocharinae
Thamiaraea cinnamomea;Aleocharinae
Thamiaraea hospita;Aleocharinae
Thecturota capito;Aleocharinae
Thecturota tenuissima;Aleocharinae
Thiasophila angulata;Aleocharinae
Thinonoma atra;Aleocharinae
Thinusa fletcheri;Aleocharinae
Thinusa maritima;Aleocharinae
Tomoglossa ornatella;Aleocharinae
Trichiusa compacta;Aleocharinae
Trichiusa pseudopostica;Aleocharinae
Trichiusa robustula;Aleocharinae
Trichiusa ursina;Aleocharinae
Trichomicra sahlbergiana;Aleocharinae
Xenodusa cava;Aleocharinae
Xenodusa reflexa;Aleocharinae
Zyras collaris;Aleocharinae
Zyras funestus;Aleocharinae
Zyras haworthi;Aleocharinae
Zyras laticollis;Aleocharinae
Zyras limbatus;Aleocharinae
Zyras lugens;Aleocharinae
Zyras malabarensis;Aleocharinae
Zyras nigriceps;Aleocharinae
Zyras obliquus;Aleocharinae
Zyras perdecoratus;Aleocharinae
Zyras simulans;Aleocharinae
Dasycerus angulicollis;Dasycerinae
Dasycerus bicolor;Dasycerinae
Dasycerus carolinensis;Dasycerinae
Dasycerus concolor;Dasycerinae
Dasycerus japonicus;Dasycerinae
Dasycerus occultus;Dasycerinae
Dasycerus sulcatus;Dasycerinae
Empelus brunnipennis;Empelinae
Edaphus lederi;Euaesthetinae
Euaesthetus albertae;Euaesthetinae
Euaesthetus americanus;Euaesthetinae
Euaesthetus bipunctatus;Euaesthetinae
Euaesthetus iripennis;Euaesthetinae
Euaesthetus laeviusculus;Euaesthetinae
Euaesthetus ruficapillus;Euaesthetinae
Euaesthetus sp.;Euaesthetinae
Euaesthetus superlatus;Euaesthetinae
Stictocranius puncticeps;Euaesthetinae
Glypholoma pustuliferum;Glypholomatinae
Habrocerus capillaricornis;Habrocerinae
Habrocerus magnus;Habrocerinae
Habrocerus schwarzi;Habrocerinae
Arrhenopeplus tesserula;Micropeplinae
Kalissus nitidus;Micropeplinae
Micropeplus browni;Micropeplinae
Micropeplus brunneus;Micropeplinae
Micropeplus dokuchaevi;Micropeplinae
Micropeplus fulvus;Micropeplinae
Micropeplus laticollis;Micropeplinae
Micropeplus porcatus;Micropeplinae
Micropeplus punctatus;Micropeplinae
Micropeplus staphylinoides;Micropeplinae
Neophonus bruchi;Neophoninae
Olisthaerus megacephalus;Olisthaerinae
Olisthaerus substriatus;Olisthaerinae
Acidota crenata;Omaliinae
Acidota quadrata;Omaliinae
Acidota subcarinata;Omaliinae
Acrolocha diffusa;Omaliinae
Acrolocha pliginskii;Omaliinae
Acrolocha sulcula;Omaliinae
Acrulia inflata;Omaliinae
Acruliopsis tumidula;Omaliinae
Amphichroum canaliculatum;Omaliinae
Amphichroum maculatum;Omaliinae
Antarctotachinus crozetensis;Omaliinae
Anthobium atrocephalum;Omaliinae
Anthobium fimetarium;Omaliinae
Anthobium melanocephalum;Omaliinae
Anthobium reflexicolle;Omaliinae
Anthobium unicolor;Omaliinae
Anthophagus alpestris;Omaliinae
Anthophagus alpinus;Omaliinae
Anthophagus angusticollis;Omaliinae
Anthophagus bicornis;Omaliinae
Anthophagus caraboides;Omaliinae
Anthophagus fallax;Omaliinae
Anthophagus omalinus;Omaliinae
Anthophagus praeustus;Omaliinae
Anthophagus rotundicollis;Omaliinae
Arpedium angulare;Omaliinae
Arpedium cribratum;Omaliinae
Arpedium quadrum;Omaliinae
Austrolophrum cribriceps;Omaliinae
Boreaphilus henningianus;Omaliinae
Brathinus nitidus;Omaliinae
Brathinus varicornis;Omaliinae
Carcinocephalus exsculpta;Omaliinae
Carcinocephalus flavidum;Omaliinae
Coryphium angusticolle;Omaliinae
Coryphium arizonense;Omaliinae
Cylletron nivale;Omaliinae
Deinopteroloma subcostatum;Omaliinae
Deliphrum tectum;Omaliinae
Dropephylla gracilicornis;Omaliinae
Dropephylla ioptera;Omaliinae
Dropephylla koltzei;Omaliinae
Dropephylla linearis;Omaliinae
Dropephylla longula;Omaliinae
Dropephylla vilis;Omaliinae
Eucnecosum brachypterum;Omaliinae
Eucnecosum brunnescens;Omaliinae
Eucnecosum tenue;Omaliinae
Eudectus japonicus;Omaliinae
Eusphalerum abdominale;Omaliinae
Eusphalerum alpinum;Omaliinae
Eusphalerum anale;Omaliinae
Eusphalerum atrum;Omaliinae
Eusphalerum carolinensis;Omaliinae
Eusphalerum convexum;Omaliinae
Eusphalerum farrarae;Omaliinae
Eusphalerum fenyesi;Omaliinae
Eusphalerum lapponicum;Omaliinae
Eusphalerum limbatum;Omaliinae
Eusphalerum longipenne;Omaliinae
Eusphalerum luteum;Omaliinae
Eusphalerum marshami;Omaliinae
Eusphalerum minutum;Omaliinae
Eusphalerum montivagum;Omaliinae
Eusphalerum orientale;Omaliinae
Eusphalerum pallens;Omaliinae
Eusphalerum pothos;Omaliinae
Eusphalerum primulae;Omaliinae
Eusphalerum rectangulum;Omaliinae
Eusphalerum rugulosum;Omaliinae
Eusphalerum signatum;Omaliinae
Eusphalerum sorbi;Omaliinae
Eusphalerum sorbicola;Omaliinae
Eusphalerum thayeranum;Omaliinae
Eusphalerum torquatum;Omaliinae
Geodromicus integer;Omaliinae
Geodromicus kunzei;Omaliinae
Geodromicus longipes;Omaliinae
Geodromicus nigrita;Omaliinae
Geodromicus plagiatus;Omaliinae
Geodromicus strictus;Omaliinae
Geodromicus suturalis;Omaliinae
Haida keeni;Omaliinae
Hapalaraea hamata;Omaliinae
Hapalaraea megarthroides;Omaliinae
Hapalaraea pygmaea;Omaliinae
Holoboreaphilus nordenskioldi;Omaliinae
Hypopycna rufula;Omaliinae
Lesteva cordicollis;Omaliinae
Lesteva heeri;Omaliinae
Lesteva longoelytrata;Omaliinae
Lesteva monticola;Omaliinae
Lesteva nivalis;Omaliinae
Lesteva pallipes;Omaliinae
Lesteva pubescens;Omaliinae
Lesteva punctata;Omaliinae
Lesteva sicula;Omaliinae
Mannerheimia arctica;Omaliinae
Micralymma brevilingue;Omaliinae
Micralymma marinum;Omaliinae
Microedus austinianus;Omaliinae
Microedus fenderi;Omaliinae
Microedus laticollis;Omaliinae
Olophrum assimile;Omaliinae
Olophrum boreale;Omaliinae
Olophrum consimile;Omaliinae
Olophrum fuscum;Omaliinae
Olophrum latum;Omaliinae
Olophrum obtectum;Omaliinae
Olophrum piceum;Omaliinae
Olophrum rotundicolle;Omaliinae
Omalium caesum;Omaliinae
Omalium excavatum;Omaliinae
Omalium exiguum;Omaliinae
Omalium foraminosum;Omaliinae
Omalium italicum;Omaliinae
Omalium laeviusculum;Omaliinae
Omalium littorale;Omaliinae
Omalium muensteri;Omaliinae
Omalium oxyacanthae;Omaliinae
Omalium repandum;Omaliinae
Omalium riparium;Omaliinae
Omalium rivulare;Omaliinae
Omalium rugatum;Omaliinae
Omalium septentrionis;Omaliinae
Omalium strigicolle;Omaliinae
Omalonomus relictus;Omaliinae
Paraphloeostiba gayndahensis;Omaliinae
Pelecomalium laevicolle;Omaliinae
Pelecomalium puberulum;Omaliinae
Pelecomalium testaceum;Omaliinae
Philorinum sordidum;Omaliinae
Phlaeopterus castaneus;Omaliinae
Phlaeopterus cavicollis;Omaliinae
Phlaeopterus fusconiger;Omaliinae
Phlaeopterus houkae;Omaliinae
Phlaeopterus lagrandeuri;Omaliinae
Phlaeopterus loganensis;Omaliinae
Phloeonomus laesicollis;Omaliinae
Phloeonomus minimus;Omaliinae
Phloeonomus punctipennis;Omaliinae
Phloeonomus pusillus;Omaliinae
Phloeonomus sjobergi;Omaliinae
Phloeonomus suffusus;Omaliinae
Phloeonomus tasmanicus;Omaliinae
Phloeostiba lapponica;Omaliinae
Phloeostiba plana;Omaliinae
Phyllodrepa clavigera;Omaliinae
Phyllodrepa devillei;Omaliinae
Phyllodrepa floralis;Omaliinae
Phyllodrepa humerosa;Omaliinae
Phyllodrepa melanocephala;Omaliinae
Phyllodrepa melis;Omaliinae
Phyllodrepa nigra;Omaliinae
Phyllodrepa puberula;Omaliinae
Phyllodrepa sahlbergi;Omaliinae
Phyllodrepa strigipennis;Omaliinae
Phyllodrepoidea crenata;Omaliinae
Porrhodites fenestralis;Omaliinae
Porrhodites inflatus;Omaliinae
Pseudohaida rothi;Omaliinae
Pycnoglypta aptera;Omaliinae
Pycnoglypta campbelli;Omaliinae
Pycnoglypta heydeni;Omaliinae
Pycnoglypta lurida;Omaliinae
Stenomalium helmsi;Omaliinae
Tanyrhinus singularis;Omaliinae
Trigonodemus fasciatus;Omaliinae
Trigonodemus striatus;Omaliinae
Unamis columbiensis;Omaliinae
Unamis truncata;Omaliinae
Xylodromus brunnipennis;Omaliinae
Xylodromus concinnus;Omaliinae
Xylodromus testaceus;Omaliinae
Xylostiba bosnica;Omaliinae
Xylostiba monilicornis;Omaliinae
Eleusis pallida;Osoriinae
Lispinus quadricollis;Osoriinae
Nacaeus longulus;Osoriinae
Osorius freyi;Osoriinae
Osorius tonkinensis;Osoriinae
Plastus magnificus;Osoriinae
Plastus unicolor;Osoriinae
Renardia nigrella;Osoriinae
Thoracophorus corticinus;Osoriinae
Thoracophorus costalis;Osoriinae
Oxyporus basicornis;Oxyporinae
Oxyporus fasciatus;Oxyporinae
Oxyporus femoralis;Oxyporinae
Oxyporus germanus;Oxyporinae
Oxyporus lateralis;Oxyporinae
Oxyporus major;Oxyporinae
Oxyporus mannerheimii;Oxyporinae
Oxyporus maxillosus;Oxyporinae
Oxyporus niger;Oxyporinae
Oxyporus occipitalis;Oxyporinae
Oxyporus quinquemaculatus;Oxyporinae
Oxyporus rufipennis;Oxyporinae
Oxyporus rufus;Oxyporinae
Oxyporus stygicus;Oxyporinae
Oxyporus vittatus;Oxyporinae
Anotylus clavatus;Oxytelinae
Anotylus clypeonitens;Oxytelinae
Anotylus complanatus;Oxytelinae
Anotylus insecatus;Oxytelinae
Anotylus inustus;Oxytelinae
Anotylus mutator;Oxytelinae
Anotylus niger;Oxytelinae
Anotylus nitidifrons;Oxytelinae
Anotylus nitidulus;Oxytelinae
Anotylus rufus;Oxytelinae
Anotylus rugosus;Oxytelinae
Anotylus sculpturatus;Oxytelinae
Anotylus sobrinus;Oxytelinae
Anotylus tetracarinatus;Oxytelinae
Aploderus caelatus;Oxytelinae
Apocellus sphaericollis;Oxytelinae
Bledius albonotatus;Oxytelinae
Bledius analis;Oxytelinae
Bledius annularis;Oxytelinae
Bledius arcticus;Oxytelinae
Bledius assimilis;Oxytelinae
Bledius confusus;Oxytelinae
Bledius coulteri;Oxytelinae
Bledius cribricollis;Oxytelinae
Bledius dama;Oxytelinae
Bledius defensus;Oxytelinae
Bledius denticollis;Oxytelinae
Bledius diota;Oxytelinae
Bledius dissimilis;Oxytelinae
Bledius emarginatus;Oxytelinae
Bledius erraticus;Oxytelinae
Bledius femoralis;Oxytelinae
Bledius fergussoni;Oxytelinae
Bledius filipes;Oxytelinae
Bledius furcatus;Oxytelinae
Bledius gallicus;Oxytelinae
Bledius gravidus;Oxytelinae
Bledius limicola;Oxytelinae
Bledius lucidus;Oxytelinae
Bledius mandibularis;Oxytelinae
Bledius monstratus;Oxytelinae
Bledius nanus;Oxytelinae
Bledius opacus;Oxytelinae
Bledius pallipes;Oxytelinae
Bledius politus;Oxytelinae
Bledius poppiusi;Oxytelinae
Bledius procerulus;Oxytelinae
Bledius rotundicollis;Oxytelinae
Bledius salsus;Oxytelinae
Bledius semiferrugineus;Oxytelinae
Bledius spectabilis;Oxytelinae
Bledius strenuus;Oxytelinae
Bledius subterraneus;Oxytelinae
Bledius talpa;Oxytelinae
Bledius tarandus;Oxytelinae
Bledius terebrans;Oxytelinae
Bledius tibialis;Oxytelinae
Bledius tricornis;Oxytelinae
Bledius turgidus;Oxytelinae
Bledius unicornis;Oxytelinae
Bledius vilis;Oxytelinae
Carpelimus bilineatus;Oxytelinae
Carpelimus corticinus;Oxytelinae
Carpelimus despectus;Oxytelinae
Carpelimus elongatulus;Oxytelinae
Carpelimus erichsoni;Oxytelinae
Carpelimus exiguus;Oxytelinae
Carpelimus foveolatus;Oxytelinae
Carpelimus fuliginosus;Oxytelinae
Carpelimus gracilis;Oxytelinae
Carpelimus halophilus;Oxytelinae
Carpelimus impressus;Oxytelinae
Carpelimus incongruus;Oxytelinae
Carpelimus lindrothi;Oxytelinae
Carpelimus nitidus;Oxytelinae
Carpelimus obesus;Oxytelinae
Carpelimus punctatellus;Oxytelinae
Carpelimus pusillus;Oxytelinae
Carpelimus rivularis;Oxytelinae
Carpelimus similis;Oxytelinae
Carpelimus subtilicornis;Oxytelinae
Carpelimus subtilis;Oxytelinae
Carpelimus zealandicus;Oxytelinae
Coprophilus marginalis;Oxytelinae
Coprophilus pennifer;Oxytelinae
Coprophilus sibiricus;Oxytelinae
Coprophilus striatulus;Oxytelinae
Deleaster bactrianus;Oxytelinae
Deleaster dichrous;Oxytelinae
Manda mandibularis;Oxytelinae
Manda nearctica;Oxytelinae
Ochthephilus angustior;Oxytelinae
Ochthephilus aureus;Oxytelinae
Ochthephilus biimpressus;Oxytelinae
Ochthephilus emarginatus;Oxytelinae
Ochthephilus flexuosus;Oxytelinae
Ochthephilus forticornis;Oxytelinae
Ochthephilus omalinus;Oxytelinae
Ochthephilus planus;Oxytelinae
Ochthephilus strandi;Oxytelinae
Oxytelus assingi;Oxytelinae
Oxytelus bengalensis;Oxytelinae
Oxytelus convergens;Oxytelinae
Oxytelus fulvipes;Oxytelinae
Oxytelus incisus;Oxytelinae
Oxytelus laqueatus;Oxytelinae
Oxytelus migrator;Oxytelinae
Oxytelus montanus;Oxytelinae
Oxytelus nigriceps;Oxytelinae
Oxytelus nimius;Oxytelinae
Oxytelus pensylvanicus;Oxytelinae
Oxytelus piceus;Oxytelinae
Oxytelus sculptus;Oxytelinae
Oxytelus varipennis;Oxytelinae
Planeustomus palpalis;Oxytelinae
Platystethus alutaceus;Oxytelinae
Platystethus americanus;Oxytelinae
Platystethus arenarius;Oxytelinae
Platystethus capito;Oxytelinae
Platystethus cornutus;Oxytelinae
Platystethus degener;Oxytelinae
Platystethus nitens;Oxytelinae
Platystethus nodifrons;Oxytelinae
Syntomium aeneum;Oxytelinae
Syntomium confragosum;Oxytelinae
Syntomium grahami;Oxytelinae
Syntomium malkini;Oxytelinae
Syntomium sp.;Oxytelinae
Thinobius brunneipennis;Oxytelinae
Thinobius ciliatus;Oxytelinae
Thinodromus arcuatus;Oxytelinae
Thinodromus dilatatus;Oxytelinae
Thinodromus mannerheimi;Oxytelinae
Achenium depressum;Paederinae
Achenomorphus corticinus;Paederinae
Astenus americanus;Paederinae
Astenus cinctus;Paederinae
Astenus discopunctatus;Paederinae
Astenus gracilis;Paederinae
Astenus guttula;Paederinae
Astenus indicus;Paederinae
Astenus longiusculus;Paederinae
Astenus lyonessius;Paederinae
Astenus procerus;Paederinae
Astenus pulchellus;Paederinae
Cephalochetus brunneus;Paederinae
Cephalochetus elegans;Paederinae
Cephalochetus myrmecocephalus;Paederinae
Charichirus chinensis;Paederinae
Cylindroxystus borinquensis;Paederinae
Cylindroxystus longulus;Paederinae
Dicax sp.;Paederinae
Domene scabricollis;Paederinae
Ecitomedon harpax;Paederinae
Homaeotarsus badius;Paederinae
Homaeotarsus bicolor;Paederinae
Homaeotarsus carolinus;Paederinae
Homaeotarsus cinctus;Paederinae
Homaeotarsus cribratus;Paederinae
Homaeotarsus despectus;Paederinae
Homaeotarsus nr. pimerianus;Paederinae
Homaeotarsus pallipes;Paederinae
Homaeotarsus pimerianus;Paederinae
Homaeotarsus sellatus;Paederinae
Hyperomma bicoloripes;Paederinae
Hyperomma mandibulare;Paederinae
Hyperomma subcaecum;Paederinae
Hypomedon debilicornis;Paederinae
Lathrobium armatum;Paederinae
Lathrobium brunnipes;Paederinae
Lathrobium confusum;Paederinae
Lathrobium debile;Paederinae
Lathrobium elongatum;Paederinae
Lathrobium fauveli;Paederinae
Lathrobium fovulum;Paederinae
Lathrobium fulvipenne;Paederinae
Lathrobium geminum;Paederinae
Lathrobium impressum;Paederinae
Lathrobium laevipenne;Paederinae
Lathrobium lineatocolle;Paederinae
Lathrobium longulum;Paederinae
Lathrobium nigrum;Paederinae
Lathrobium othioides;Paederinae
Lathrobium pallidipenne;Paederinae
Lathrobium punctulatum;Paederinae
Lathrobium quadratum;Paederinae
Lathrobium rufipenne;Paederinae
Lathrobium scolopaceum;Paederinae
Lathrobium simile;Paederinae
Lathrobium sparsellum;Paederinae
Lathrobium spissicorne;Paederinae
Lathrobium terminatum;Paederinae
Lathrobium washingtoni;Paederinae
Leptobium densiventre;Paederinae
Lithocharis nigriceps;Paederinae
Lithocharis ochracea;Paederinae
Lithocharis ochraceus;Paederinae
Lithocharis uvida;Paederinae
Lobrathium candicum;Paederinae
Lobrathium collare;Paederinae
Lobrathium coloradense;Paederinae
Lobrathium grande;Paederinae
Lobrathium multipunctum;Paederinae
Lobrathium subseriatum;Paederinae
Medon americanus;Paederinae
Medon apicalis;Paederinae
Medon brunneus;Paederinae
Medon fusculus;Paederinae
Medon piceus;Paederinae
Medon ripicola;Paederinae
Megalopaederus formosanus;Paederinae
Megalopaederus kosempoensis;Paederinae
Megalopaederus kurosawai;Paederinae
Megalopaederus lewisi;Paederinae
Megalopaederus poweri;Paederinae
Megalopaederus wadai;Paederinae
Nazeris cultellatus;Paederinae
Ochthephilum collare;Paederinae
Ochthephilum filum;Paederinae
Ochthephilum fracticorne;Paederinae
Ochthephilum jacquelinii;Paederinae
Ochthephilum nilgiriense;Paederinae
Oedichirus spelaeus;Paederinae
Orus dentiger;Paederinae
Orus punctatus;Paederinae
Paederidus rubrothoracicus;Paederinae
Paederidus ruficollis;Paederinae
Paederus balcanicus;Paederinae
Paederus brevipennis;Paederinae
Paederus caligatus;Paederinae
Paederus daicongchaoi;Paederinae
Paederus fuscipes;Paederinae
Paederus gottschei;Paederinae
Paederus hingstoni;Paederinae
Paederus limnophilus;Paederinae
Paederus littoralis;Paederinae
Paederus littorarius;Paederinae
Paederus mesopotamicus;Paederinae
Paederus palustris;Paederinae
Paederus riparius;Paederinae
Paederus schoenherri;Paederinae
Paederus tamulus;Paederinae
Palaminus hudsonicus;Paederinae
Panscopaeus andrewesi;Paederinae
Phanophilus comptus;Paederinae
Pinophilus latipes;Paederinae
Pinophilus parcus;Paederinae
Pseudolathra caffra;Paederinae
Pseudolathra nr. leviceps;Paederinae
Pseudomedon obscurellus;Paederinae
Pseudomedon obsoletus;Paederinae
Rugilus angustatus;Paederinae
Rugilus erichsonii;Paederinae
Rugilus geniculatus;Paederinae
Rugilus mixtus;Paederinae
Rugilus orbiculatus;Paederinae
Rugilus rufipes;Paederinae
Rugilus similis;Paederinae
Rugilus subtilis;Paederinae
Scopaeus beesoni;Paederinae
Scopaeus bicuspis;Paederinae
Scopaeus gracilis;Paederinae
Scopaeus laevigatus;Paederinae
Scopaeus obscuripes;Paederinae
Scopaeus ryei;Paederinae
Stiliderus crassus;Paederinae
Sunius bicolor;Paederinae
Sunius confluentus;Paederinae
Sunius debilicornis;Paederinae
Sunius melanocephalus;Paederinae
Sunius propinquus;Paederinae
Tetartopeus convolutus;Paederinae
Tetartopeus furvulus;Paederinae
Tetartopeus lacustris;Paederinae
Tetartopeus niger;Paederinae
Tetartopeus sollicitus;Paederinae
Tetartopeus sphagnetorum;Paederinae
Tetartopeus terminatus;Paederinae
Tetartopeus zetterstedti;Paederinae
Charhyphus picipennis;Phloeocharinae
Phloeocharis diecki;Phloeocharinae
Phloeocharis subtilissima;Phloeocharinae
Siagonium punctatum;Piestinae
Siagonium quadricorne;Piestinae
Siagonium stacesmithi;Piestinae
Megarthrus angulicollis;Proteininae
Megarthrus antennalis;Proteininae
Megarthrus arcuatus;Proteininae
Megarthrus atratus;Proteininae
Megarthrus bellevoyei;Proteininae
Megarthrus denticollis;Proteininae
Megarthrus depressus;Proteininae
Megarthrus excisus;Proteininae
Megarthrus nigrinus;Proteininae
Megarthrus nitidulus;Proteininae
Megarthrus pictus;Proteininae
Megarthrus sinuatocollis;Proteininae
Megarthrus zerchei;Proteininae
Metopsia clypeata;Proteininae
Metopsia gallica;Proteininae
Metopsia retusa;Proteininae
Proteinus atomarius;Proteininae
Proteinus basalis;Proteininae
Proteinus brachypterus;Proteininae
Proteinus collaris;Proteininae
Proteinus crassicornis;Proteininae
Proteinus crenulatus;Proteininae
Proteinus laevigatus;Proteininae
Proteinus limbatus;Proteininae
Proteinus ovalis;Proteininae
Proteinus parvulus;Proteininae
Proteinus pseudothomasi;Proteininae
Proteinus sp.;Proteininae
Actiastes foveicollis;Pselaphinae
Actium barri;Pselaphinae
Actium retractum;Pselaphinae
Actizona trifoveata;Pselaphinae
Adranes coecus;Pselaphinae
Adranes taylori;Pselaphinae
Anabaxis foveolata;Pselaphinae
Andasibe sahondrae;Pselaphinae
Batriscenellus chinensis;Pselaphinae
Batrisodes adnexus;Pselaphinae
Batrisodes albionicus;Pselaphinae
Batrisodes delaporti;Pselaphinae
Batrisodes frontalis;Pselaphinae
Batrisodes globosus;Pselaphinae
Batrisodes lineaticollis;Pselaphinae
Batrisodes oculatus;Pselaphinae
Batrisodes riparius;Pselaphinae
Batrisodes scabriceps;Pselaphinae
Batrisodes striatus;Pselaphinae
Batrisodes unisexualis;Pselaphinae
Batrisus formicarius;Pselaphinae
Bibloplectus ambiguus;Pselaphinae
Bibloplectus minutissimus;Pselaphinae
Bibloplectus obtusus;Pselaphinae
Bibloplectus pusillus;Pselaphinae
Bibloplectus tenebrosus;Pselaphinae
Bibloporus bicolor;Pselaphinae
Bibloporus minutus;Pselaphinae
Bibloporus ultimus;Pselaphinae
Brachygluta fossulata;Pselaphinae
Brachygluta helferi;Pselaphinae
Brachygluta perforata;Pselaphinae
Brachygluta simplex;Pselaphinae
Brachygluta sinuata;Pselaphinae
Brachygluta tristis;Pselaphinae
Brachygluta waterhousei;Pselaphinae
Brachygluta xanthoptera;Pselaphinae
Bryaxis bulbifer;Pselaphinae
Bryaxis curtisii;Pselaphinae
Bryaxis grata;Pselaphinae
Bryaxis nodicornis;Pselaphinae
Bryaxis puncticollis;Pselaphinae
Bryaxis sternalis;Pselaphinae
Bythinus burrellii;Pselaphinae
Bythinus macropalpus;Pselaphinae
Caccoplectus orbis;Pselaphinae
Ceophyllus monilis;Pselaphinae
Cerylambus reticulatus;Pselaphinae
Claviger longicornis;Pselaphinae
Claviger testaceus;Pselaphinae
Colilodion wuesti;Pselaphinae
Conoplectus canaliculatus;Pselaphinae
Ctenisodes piceus;Pselaphinae
Cupila clavicornis;Pselaphinae
Decarthron abnorme;Pselaphinae
Decarthron formiceti;Pselaphinae
Decarthron laurenticum;Pselaphinae
Decarthron longulum;Pselaphinae
Diartiger dentatus;Pselaphinae
Diartiger fossulatus;Pselaphinae
Diartiger spinipes;Pselaphinae
Eupines carinata;Pselaphinae
Eupines coalita;Pselaphinae
Eupines complector;Pselaphinae
Eupines conspicua;Pselaphinae
Eupines crassicornides;Pselaphinae
Eupines dispar;Pselaphinae
Eupines gigas;Pselaphinae
Eupines glabrata;Pselaphinae
Eupines halli;Pselaphinae
Eupines hectori;Pselaphinae
Eupines impar;Pselaphinae
Eupines mayae;Pselaphinae
Eupines monstrosa;Pselaphinae
Eupines mundula;Pselaphinae
Eupines nemoralis;Pselaphinae
Eupines pannicula;Pselaphinae
Eupines petila;Pselaphinae
Eupines protibialis;Pselaphinae
Eupines setifera;Pselaphinae
Eupines undecim;Pselaphinae
Eupinogitus sulcipennis;Pselaphinae
Eupinolus altulus;Pselaphinae
Eupinolus calcaratus;Pselaphinae
Euplectus acomanus;Pselaphinae
Euplectus brunneus;Pselaphinae
Euplectus duryi;Pselaphinae
Euplectus elongatus;Pselaphinae
Euplectus idahoensis;Pselaphinae
Euplectus infirmus;Pselaphinae
Euplectus karstenii;Pselaphinae
Euplectus kirbii;Pselaphinae
Euplectus mutator;Pselaphinae
Euplectus nanus;Pselaphinae
Euplectus piceus;Pselaphinae
Euplectus punctatus;Pselaphinae
Euplectus signatus;Pselaphinae
Fagniezia impressa;Pselaphinae
Faronus parallelus;Pselaphinae
Foveoscapha terracola;Pselaphinae
Fustiger fuchsii;Pselaphinae
Fustiger knausii;Pselaphinae
Gastrobothrus abdominalis;Pselaphinae
Lasinus mikado;Pselaphinae
Leptoplectus pertenuis;Pselaphinae
Leptoplectus spinolae;Pselaphinae
Lucifotychus cognatus;Pselaphinae
Lucifotychus hirsutus;Pselaphinae
Lucifotychus testaceus;Pselaphinae
Melba parvula;Pselaphinae
Melba thoracica;Pselaphinae
Oropodes chumash;Pselaphinae
Oropus striatus;Pselaphinae
Palimbolus victoriae;Pselaphinae
Physobryaxis inflatus;Pselaphinae
Plectophloeus erichsoni;Pselaphinae
Plectophloeus fischeri;Pselaphinae
Plectophloeus nitidus;Pselaphinae
Plectophloeus nubigena;Pselaphinae
Prespelea carltoni;Pselaphinae
Prespelea copelandi;Pselaphinae
Prespelea divergens;Pselaphinae
Prespelea morsei;Pselaphinae
Prespelea myersae;Pselaphinae
Pselaphaulax CHANDLER_Tasmania1;Pselaphinae
Pselaphus bellax;Pselaphinae
Pselaphus fustifer;Pselaphinae
Pselaphus heisei;Pselaphinae
Pseudeuplectus antarcticus;Pselaphinae
Reichenbachia binodifer;Pselaphinae
Reichenbachia borealis;Pselaphinae
Reichenbachia corporalis;Pselaphinae
Reichenbachia cylindrarta;Pselaphinae
Reichenbachia facilis;Pselaphinae
Reichenbachia insolita;Pselaphinae
Reichenbachia juncorum;Pselaphinae
Reichenbachia propinqua;Pselaphinae
Reichenbachia spatulifer;Pselaphinae
Rybaxis clavata;Pselaphinae
Rybaxis conjuncta;Pselaphinae
Rybaxis laminata;Pselaphinae
Rybaxis longicornis;Pselaphinae
Rybaxis mystica;Pselaphinae
Rybaxis parvidens;Pselaphinae
Rybaxis transversa;Pselaphinae
Rybaxis variabilis;Pselaphinae
Rybaxis varicornis;Pselaphinae
Sagola CHANDLER_Tasmania1;Pselaphinae
Sagola rugicornis;Pselaphinae
Semiclaviger sikorae;Pselaphinae
Simkinion bimanum;Pselaphinae
Sonoma cascadia;Pselaphinae
Sonoma grandiceps;Pselaphinae
Sonoma margemina;Pselaphinae
Sonoma parviceps;Pselaphinae
Tiracaleda minuta;Pselaphinae
Triartiger reductus;Pselaphinae
Trichonyx sulcicollis;Pselaphinae
Trimioplectus obsoletus;Pselaphinae
Trimium brevicorne;Pselaphinae
Trissemus antennatus;Pselaphinae
Tychus niger;Pselaphinae
Tyrus mucronatus;Pselaphinae
Tyrus semiruber;Pselaphinae
Ziweia longipedes;Pselaphinae
Pseudopsis arrowi;Pseudopsinae
Pseudopsis montoraria;Pseudopsinae
Pseudopsis sagitta;Pseudopsinae
Pseudopsis subulata;Pseudopsinae
Pseudopsis sulcata;Pseudopsinae
Baeocera congener;Scaphidiinae
Baeocera deflexa;Scaphidiinae
Baeocera falsata;Scaphidiinae
Baeocera humeralis;Scaphidiinae
Baeocera picea;Scaphidiinae
Baeocera securiforma;Scaphidiinae
Baeocera youngi;Scaphidiinae
Brachynopus latus;Scaphidiinae
Brachynopus scutellaris;Scaphidiinae
Scaphidium celebense;Scaphidiinae
Scaphidium emarginatum;Scaphidiinae
Scaphidium morimotoi;Scaphidiinae
Scaphidium picconii;Scaphidiinae
Scaphidium piceum;Scaphidiinae
Scaphidium quadriguttatum;Scaphidiinae
Scaphidium quadrimaculatum;Scaphidiinae
Scaphidium reitteri;Scaphidiinae
Scaphidium sondaicum;Scaphidiinae
Scaphidium sp. A-RO-2016;Scaphidiinae
Scaphisoma agaricinum;Scaphidiinae
Scaphisoma americanum;Scaphidiinae
Scaphisoma assimile;Scaphidiinae
Scaphisoma balcanicum;Scaphidiinae
Scaphisoma boleti;Scaphidiinae
Scaphisoma commune;Scaphidiinae
Scaphisoma convexum;Scaphidiinae
Scaphisoma funereum;Scaphidiinae
Scaphisoma repandum;Scaphidiinae
Scaphisoma rubens;Scaphidiinae
Scaphisoma subalpinum;Scaphidiinae
Scaphium castanipes;Scaphidiinae
Toxidium gammaroides;Scaphidiinae
Cephennium gallicum;Scydmaeninae
Cephennium thoracicum;Scydmaeninae
Euconnus carinthiacus;Scydmaeninae
Euconnus clarus;Scydmaeninae
Euconnus denticornis;Scydmaeninae
Euconnus fimetarius;Scydmaeninae
Euconnus hirticollis;Scydmaeninae
Euconnus longiceps;Scydmaeninae
Euconnus maklinii;Scydmaeninae
Euconnus pubicollis;Scydmaeninae
Euconnus rutilipennis;Scydmaeninae
Eutheia scydmaenoides;Scydmaeninae
Lophioderus biformis;Scydmaeninae
Microscydmus minimus;Scydmaeninae
Microscydmus nanus;Scydmaeninae
Neuraphes angulatus;Scydmaeninae
Neuraphes carinatus;Scydmaeninae
Neuraphes coronatus;Scydmaeninae
Neuraphes elongatulus;Scydmaeninae
Neuraphes talparum;Scydmaeninae
Scydmaenus hellwigii;Scydmaeninae
Scydmaenus insidiosus;Scydmaeninae
Scydmaenus perrisii;Scydmaeninae
Scydmaenus rufus;Scydmaeninae
Scydmaenus tarsatus;Scydmaeninae
Scydmoraphes helvolus;Scydmaeninae
Scydmoraphes minutus;Scydmaeninae
Scydmoraphes sparshalli;Scydmaeninae
Stenichnus bicolor;Scydmaeninae
Stenichnus collaris;Scydmaeninae
Stenichnus godarti;Scydmaeninae
Stenichnus scutellaris;Scydmaeninae
Taphroscydmus californicus;Scydmaeninae
Abemus chloropterus;Staphylininae
Acylophorus agilis;Staphylininae
Acylophorus capensis;Staphylininae
Acylophorus caseyi;Staphylininae
Acylophorus flavicollis;Staphylininae
Acylophorus lecontei;Staphylininae
Acylophorus pronus;Staphylininae
Acylophorus wagenschieberi;Staphylininae
Acylophorus zdenae;Staphylininae
Afroquedius sexpunctatus;Staphylininae
Amblyopinus emarginatus;Staphylininae
Anaquedius vernix;Staphylininae
Antimerus punctipennis;Staphylininae
Arrowinus minutus;Staphylininae
Arrowinus relictus;Staphylininae
Astrapaeus ulmi;Staphylininae
Atanygnathus acuminatus;Staphylininae
Atanygnathus bicolor;Staphylininae
Atanygnathus terminalis;Staphylininae
Atrecus affinis;Staphylininae
Atrecus americanus;Staphylininae
Atrecus longiceps;Staphylininae
Atrecus macrocephalus;Staphylininae
Atrecus pilicornis;Staphylininae
Atrecus punctiventris;Staphylininae
Atrecus quadripennis;Staphylininae
Beeria nematocera;Staphylininae
Belonuchus cf. godmani;Staphylininae
Belonuchus imitator;Staphylininae
Belonuchus mimeticus;Staphylininae
Belonuchus pollens;Staphylininae
Belonuchus rufipennis;Staphylininae
Belonuchus subaeneus;Staphylininae
Bisnius blandus;Staphylininae
Bisnius cephalicus;Staphylininae
Bisnius cephalotes;Staphylininae
Bisnius fimetarius;Staphylininae
Bisnius hyperboreus;Staphylininae
Bisnius lautus;Staphylininae
Bisnius nigriventris;Staphylininae
Bisnius palmi;Staphylininae
Bisnius parcus;Staphylininae
Bisnius picicornis;Staphylininae
Bisnius pseudoparcus;Staphylininae
Bisnius puella;Staphylininae
Bisnius pugetensis;Staphylininae
Bisnius quediinus;Staphylininae
Bisnius scoticus;Staphylininae
Bisnius siegwaldii;Staphylininae
Bisnius sordidus;Staphylininae
Bisnius stacesmithi;Staphylininae
Bisnius subuliformis;Staphylininae
Bisnius versutus;Staphylininae
Bolitogyrus bullatus;Staphylininae
Bolitogyrus flavus;Staphylininae
Bolitogyrus salvini;Staphylininae
Cafius algarum;Staphylininae
Cafius algophilus;Staphylininae
Cafius australis;Staphylininae
Cafius bistriatus;Staphylininae
Cafius bisulcatus;Staphylininae
Cafius canescens;Staphylininae
Cafius caribeanus;Staphylininae
Cafius catenatus;Staphylininae
Cafius caviceps;Staphylininae
Cafius corallicola;Staphylininae
Cafius filum;Staphylininae
Cafius fonticola;Staphylininae
Cafius fucicola;Staphylininae
Cafius histrio;Staphylininae
Cafius lithocharinus;Staphylininae
Cafius litoreus;Staphylininae
Cafius luteipennis;Staphylininae
Cafius maritimus;Staphylininae
Cafius mimulus;Staphylininae
Cafius mutatus;Staphylininae
Cafius nauticus;Staphylininae
Cafius pacificus;Staphylininae
Cafius quadriimpressus;Staphylininae
Cafius ragazzii;Staphylininae
Cafius rufescens;Staphylininae
Cafius rufifrons;Staphylininae
Cafius sabulosus;Staphylininae
Cafius seminitens;Staphylininae
Cafius seriatus;Staphylininae
Cafius sericeus;Staphylininae
Cafius subtilis;Staphylininae
Cafius sulcicollis;Staphylininae
Cafius velutinus;Staphylininae
Cafius vestitus;Staphylininae
Cafius xantholoma;Staphylininae
Chroaptomus centralis;Staphylininae
Chroaptomus flagrans;Staphylininae
Creophilus erythrocephalus;Staphylininae
Creophilus lanio;Staphylininae
Creophilus maxillosus;Staphylininae
Dinothenarus badipes;Staphylininae
Dinothenarus capitatus;Staphylininae
Dinothenarus pleuralis;Staphylininae
Dinothenarus saphyrinus;Staphylininae
Diochus conicollis;Staphylininae
Diochus schaumii;Staphylininae
Diochus sp. Neotropical;Staphylininae
Elmas hanleyi;Staphylininae
Emus hirtus;Staphylininae
Erichsonius cinerascens;Staphylininae
Erichsonius floridanus;Staphylininae
Erichsonius nanus;Staphylininae
Erichsonius parcus;Staphylininae
Erichsonius patella;Staphylininae
Erichsonius pusio;Staphylininae
Erichsonius rosellus;Staphylininae
Erymus gracilis;Staphylininae
Euryporus picipes;Staphylininae
Gabrius appendiculatus;Staphylininae
Gabrius astutoides;Staphylininae
Gabrius austriacus;Staphylininae
Gabrius bishopi;Staphylininae
Gabrius brevipennis;Staphylininae
Gabrius breviventer;Staphylininae
Gabrius coxalus;Staphylininae
Gabrius dieckmanni;Staphylininae
Gabrius exspectatus;Staphylininae
Gabrius fallaciosus;Staphylininae
Gabrius hippisleyae;Staphylininae
Gabrius keysianus;Staphylininae
Gabrius laelaps;Staphylininae
Gabrius lysippus;Staphylininae
Gabrius microphthalmus;Staphylininae
Gabrius nigritulus;Staphylininae
Gabrius osseticus;Staphylininae
Gabrius ovaliceps;Staphylininae
Gabrius picipennis;Staphylininae
Gabrius piliger;Staphylininae
Gabrius punctatellus;Staphylininae
Gabrius splendidulus;Staphylininae
Gabrius tirolensis;Staphylininae
Gabrius toxotes;Staphylininae
Gabrius trossuloides;Staphylininae
Gabrius trossulus;Staphylininae
Gabrius unzenensis;Staphylininae
Gabronthus flavicollis;Staphylininae
Gabronthus sulcifrons;Staphylininae
Gabronthus thermarum;Staphylininae
Gauropterus fulgidus;Staphylininae
Glenus flohri;Staphylininae
Gyrohypnus angustatus;Staphylininae
Gyrohypnus atratus;Staphylininae
Gyrohypnus fracticornis;Staphylininae
Gyrohypnus liebei;Staphylininae
Gyrohypnus obsidianus;Staphylininae
Gyrohypnus punctulatus;Staphylininae
Gyrohypnus wagneri;Staphylininae
Hadropinus fossor;Staphylininae
Hadrotes crassus;Staphylininae
Hemiquedius ferox;Staphylininae
Hesperosoma pederseni;Staphylininae
Hesperus amabilis;Staphylininae
Hesperus apicialis;Staphylininae
Hesperus baltimorensis;Staphylininae
Hesperus borneensis;Staphylininae
Hesperus dolichoderes;Staphylininae
Hesperus haemorrhoidalis;Staphylininae
Hesperus pacificus;Staphylininae
Hesperus roepkei;Staphylininae
Hesperus rufipennis;Staphylininae
Hesperus semirufus;Staphylininae
Heterothops dissimilis;Staphylininae
Heterothops fumigatus;Staphylininae
Heterothops fusculus;Staphylininae
Heterothops minor;Staphylininae
Heterothops minutus;Staphylininae
Heterothops praevius;Staphylininae
Heterothops pusio;Staphylininae
Heterothops quadripunctulus;Staphylininae
Heterothops stiglundbergi;Staphylininae
Holisus aff. planus MRCP-2016;Staphylininae
Holisus prolixus;Staphylininae
Homalolinus difficilis;Staphylininae
Hypnogyra angularis;Staphylininae
Hypnogyra glabra;Staphylininae
Hypnogyra gularis;Staphylininae
Indoquedius bicornutus;Staphylininae
Isanopus sallaei;Staphylininae
Korgella caucasica;Staphylininae
Leistotrophus versicolor;Staphylininae
Leptacinus batychrus;Staphylininae
Leptacinus formicetorum;Staphylininae
Leptacinus harbinensis;Staphylininae
Leptacinus intermedius;Staphylininae
Leptacinus pusillus;Staphylininae
Leptacinus sulcifrons;Staphylininae
Linosomus socius;Staphylininae
Lithocharodes longicollis;Staphylininae
Maorothius brouni;Staphylininae
Maorothius coalitus;Staphylininae
Maorothius tridens;Staphylininae
Megalinus glabratus;Staphylininae
Megalinus suffusus;Staphylininae
Metolinus shanicus;Staphylininae
Misantlius gebieni;Staphylininae
Nausicotus spectabilis;Staphylininae
Neobisnius lathrobioides;Staphylininae
Neobisnius occidentoides;Staphylininae
Neobisnius procerulus;Staphylininae
Neobisnius senilis;Staphylininae
Neobisnius sobrinus;Staphylininae
Neobisnius terminalis;Staphylininae
Neobisnius villosulus;Staphylininae
Neohypnus beckeri;Staphylininae
Neohypnus emmesus;Staphylininae
Neohypnus fragilis;Staphylininae
Neohypnus hamatus;Staphylininae
Neohypnus obscurus;Staphylininae
Nordus cribricollis;Staphylininae
Nordus fungicola;Staphylininae
Nudobius cephalus;Staphylininae
Nudobius lentus;Staphylininae
Nudobius pugetanus;Staphylininae
Ocyolinus amethystinus;Staphylininae
Ocypus aeneocephalus;Staphylininae
Ocypus aethiops;Staphylininae
Ocypus brevipennis;Staphylininae
Ocypus brunnipes;Staphylininae
Ocypus coreanus;Staphylininae
Ocypus fulvipennis;Staphylininae
Ocypus fuscatus;Staphylininae
Ocypus melanarius;Staphylininae
Ocypus nitens;Staphylininae
Ocypus olens;Staphylininae
Ocypus ophthalmicus;Staphylininae
Ocypus picipennis;Staphylininae
Ocypus tenebricosus;Staphylininae
Ocypus weisei;Staphylininae
Ocypus winkleri;Staphylininae
Odontolinus fasciatus;Staphylininae
Ontholestes cingulatus;Staphylininae
Ontholestes haroldi;Staphylininae
Ontholestes murinus;Staphylininae
Ontholestes tessellatus;Staphylininae
Othius angustus;Staphylininae
Othius laeviusculus;Staphylininae
Othius lapidicola;Staphylininae
Othius myrmecophilus;Staphylininae
Othius punctulatus;Staphylininae
Othius subuliformis;Staphylininae
Othius volans;Staphylininae
Oxybleptes kiteleyi;Staphylininae
Paederomimus pectoralis;Staphylininae
Pammegus cf. ruficollis;Staphylininae
Paratolmerus siamensis;Staphylininae
Parothius californicus;Staphylininae
Parothius punctatus;Staphylininae
Phacophallus japonicus;Staphylininae
Phacophallus parumpunctatus;Staphylininae
Phanolinopsis metaksenios;Staphylininae
Philonthus addendus;Staphylininae
Philonthus aequalis;Staphylininae
Philonthus aerosus;Staphylininae
Philonthus albipes;Staphylininae
Philonthus allumnus;Staphylininae
Philonthus alpinus;Staphylininae
Philonthus asper;Staphylininae
Philonthus atratus;Staphylininae
Philonthus aurulentus;Staphylininae
Philonthus bidentatus;Staphylininae
Philonthus blandus;Staphylininae
Philonthus boreas;Staphylininae
Philonthus brunneus;Staphylininae
Philonthus busiris;Staphylininae
Philonthus caeruleipennis;Staphylininae
Philonthus carbonarius;Staphylininae
Philonthus caucasicus;Staphylininae
Philonthus caurinus;Staphylininae
Philonthus cognatus;Staphylininae
Philonthus concinnus;Staphylininae
Philonthus coprophilus;Staphylininae
Philonthus corruscus;Staphylininae
Philonthus corvinus;Staphylininae
Philonthus couleensis;Staphylininae
Philonthus cruentatus;Staphylininae
Philonthus cunctans;Staphylininae
Philonthus debilis;Staphylininae
Philonthus decorus;Staphylininae
Philonthus discoideus;Staphylininae
Philonthus duplex;Staphylininae
Philonthus ferreipennis;Staphylininae
Philonthus figulus;Staphylininae
Philonthus flavibasis;Staphylininae
Philonthus flumineus;Staphylininae
Philonthus frigidus;Staphylininae
Philonthus fulgipennis;Staphylininae
Philonthus fumarius;Staphylininae
Philonthus furvus;Staphylininae
Philonthus fuscipennis;Staphylininae
Philonthus geminus;Staphylininae
Philonthus gracilior;Staphylininae
Philonthus grandicollis;Staphylininae
Philonthus hepaticus;Staphylininae
Philonthus hudsonicus;Staphylininae
Philonthus hylaeus;Staphylininae
Philonthus intermedius;Staphylininae
Philonthus jurgans;Staphylininae
Philonthus kaszabi;Staphylininae
Philonthus laetipennis;Staphylininae
Philonthus laevicollis;Staphylininae
Philonthus laminatus;Staphylininae
Philonthus lederi;Staphylininae
Philonthus leechensis;Staphylininae
Philonthus lepidus;Staphylininae
Philonthus lindrothi;Staphylininae
Philonthus lomatus;Staphylininae
Philonthus longicornis;Staphylininae
Philonthus lopezi;Staphylininae
Philonthus mannerheimi;Staphylininae
Philonthus marginatus;Staphylininae
Philonthus micans;Staphylininae
Philonthus micantoides;Staphylininae
Philonthus monaeses;Staphylininae
Philonthus montivagus;Staphylininae
Philonthus neonatus;Staphylininae
Philonthus nigrita;Staphylininae
Philonthus nimbicola;Staphylininae
Philonthus nitidulus;Staphylininae
Philonthus nitidus;Staphylininae
Philonthus nr. fuscatus;Staphylininae
Philonthus nudus;Staphylininae
Philonthus occidentalis;Staphylininae
Philonthus opacipennis;Staphylininae
Philonthus paederoides;Staphylininae
Philonthus palliatus;Staphylininae
Philonthus politus;Staphylininae
Philonthus productus;Staphylininae
Philonthus pseudovarians;Staphylininae
Philonthus punctus;Staphylininae
Philonthus pyropterus;Staphylininae
Philonthus quadricollis;Staphylininae
Philonthus quisquiliarius;Staphylininae
Philonthus rectangulus;Staphylininae
Philonthus rotundicollis;Staphylininae
Philonthus rubripennis;Staphylininae
Philonthus rufimanus;Staphylininae
Philonthus rufotibialis;Staphylininae
Philonthus rufulus;Staphylininae
Philonthus rutiliventris;Staphylininae
Philonthus salinus;Staphylininae
Philonthus sanguinolentus;Staphylininae
Philonthus schwarzi;Staphylininae
Philonthus sericans;Staphylininae
Philonthus sericinus;Staphylininae
Philonthus siegwaldi;Staphylininae
Philonthus spiniformis;Staphylininae
Philonthus spinipes;Staphylininae
Philonthus splendens;Staphylininae
Philonthus stictus;Staphylininae
Philonthus subvirescens;Staphylininae
Philonthus succicola;Staphylininae
Philonthus tenuicornis;Staphylininae
Philonthus thoracicus;Staphylininae
Philonthus turbidus;Staphylininae
Philonthus umbratilis;Staphylininae
Philonthus umbrinoides;Staphylininae
Philonthus validus;Staphylininae
Philonthus varians;Staphylininae
Philonthus ventralis;Staphylininae
Philonthus viridanus;Staphylininae
Philonthus vulgatus;Staphylininae
Philothalpus bilobus;Staphylininae
Philothalpus falini;Staphylininae
Phucobius simulator;Staphylininae
Phucobius sp. Australia;Staphylininae
Phucobius sp. Philippines;Staphylininae
Platydracus chalcocephalus;Staphylininae
Platydracus cinnamopterus;Staphylininae
Platydracus comes;Staphylininae
Platydracus femoratus;Staphylininae
Platydracus fossator;Staphylininae
Platydracus fulvipes;Staphylininae
Platydracus fuscolineatus;Staphylininae
Platydracus latebricola;Staphylininae
Platydracus maculosus;Staphylininae
Platydracus mysticus;Staphylininae
Platydracus phoenicurus;Staphylininae
Platydracus pinorum;Staphylininae
Platydracus plebejus;Staphylininae
Platydracus stercorarius;Staphylininae
Platydracus tarsalis;Staphylininae
Platydracus tomentosus;Staphylininae
Platydracus violaceus;Staphylininae
Platydracus viridanus;Staphylininae
Platydracus zonatus;Staphylininae
Platyprosopus indicus;Staphylininae
Proxenobius borgmeieri;Staphylininae
Quediocafus insolitus;Staphylininae
Quediocafus taieriensis;Staphylininae
Quedionuchus plagiatus;Staphylininae
Quedius alpestris;Staphylininae
Quedius alticola;Staphylininae
Quedius antipodus;Staphylininae
Quedius aridulus;Staphylininae
Quedius auricomus;Staphylininae
Quedius baldiensis;Staphylininae
Quedius beesoni;Staphylininae
Quedius bicoloris;Staphylininae
Quedius boopoides;Staphylininae
Quedius boops;Staphylininae
Quedius breviceps;Staphylininae
Quedius brevicornis;Staphylininae
Quedius brevis;Staphylininae
Quedius brunnipennis;Staphylininae
Quedius campbelli;Staphylininae
Quedius canadensis;Staphylininae
Quedius capucinus;Staphylininae
Quedius caseyi;Staphylininae
Quedius charactus;Staphylininae
Quedius cinctus;Staphylininae
Quedius criddlei;Staphylininae
Quedius cruentus;Staphylininae
Quedius curtipennis;Staphylininae
Quedius densiventris;Staphylininae
Quedius dilatatus;Staphylininae
Quedius dubius;Staphylininae
Quedius duplopunctatus;Staphylininae
Quedius erythrogaster;Staphylininae
Quedius fellmani;Staphylininae
Quedius frigidus;Staphylininae
Quedius fulgidus;Staphylininae
Quedius fuliginosus;Staphylininae
Quedius fulvicollis;Staphylininae
Quedius fumatus;Staphylininae
Quedius griffinae;Staphylininae
Quedius horni;Staphylininae
Quedius humeralis;Staphylininae
Quedius inaequalipennis;Staphylininae
Quedius incisus;Staphylininae
Quedius infuscatus;Staphylininae
Quedius invreae;Staphylininae
Quedius labradorensis;Staphylininae
Quedius lateralis;Staphylininae
Quedius lateroflavus;Staphylininae
Quedius laticollis;Staphylininae
Quedius leai;Staphylininae
Quedius levicollis;Staphylininae
Quedius limbatus;Staphylininae
Quedius lucidulus;Staphylininae
Quedius lundbergi;Staphylininae
Quedius manitobensis;Staphylininae
Quedius marginalis;Staphylininae
Quedius masuzoi;Staphylininae
Quedius maurorufus;Staphylininae
Quedius maurus;Staphylininae
Quedius mesomelinus;Staphylininae
Quedius microps;Staphylininae
Quedius molochinoides;Staphylininae
Quedius molochinus;Staphylininae
Quedius montivagus;Staphylininae
Quedius mordax;Staphylininae
Quedius nanulus;Staphylininae
Quedius nemoralis;Staphylininae
Quedius nitipennis;Staphylininae
Quedius ochripennis;Staphylininae
Quedius oculeus;Staphylininae
Quedius paradisianus;Staphylininae
Quedius pediculus;Staphylininae
Quedius peregrinus;Staphylininae
Quedius picipes;Staphylininae
Quedius plancus;Staphylininae
Quedius prostans;Staphylininae
Quedius pseudolimbatus;Staphylininae
Quedius puncticeps;Staphylininae
Quedius riparius;Staphylininae
Quedius rusticus;Staphylininae
Quedius schatzmayri;Staphylininae
Quedius scintillans;Staphylininae
Quedius scitus;Staphylininae
Quedius semiaeneus;Staphylininae
Quedius semiobscurus;Staphylininae
Quedius seriatus;Staphylininae
Quedius sigwalti;Staphylininae
Quedius simplex;Staphylininae
Quedius simplicifrons;Staphylininae
Quedius simulator;Staphylininae
Quedius spABW8823;Staphylininae
Quedius spelaeus;Staphylininae
Quedius stenocephalus;Staphylininae
Quedius sublimbatus;Staphylininae
Quedius subopacus;Staphylininae
Quedius subunicolor;Staphylininae
Quedius suturalis;Staphylininae
Quedius tenellus;Staphylininae
Quedius tetricus;Staphylininae
Quedius transparens;Staphylininae
Quedius truncicola;Staphylininae
Quedius umbrinus;Staphylininae
Quedius uteanus;Staphylininae
Quedius velox;Staphylininae
Quedius vexans;Staphylininae
Quedius vilis;Staphylininae
Quedius xanthopus;Staphylininae
Rabigus laxellus;Staphylininae
Rabigus tenuis;Staphylininae
Remus corallicola;Staphylininae
Remus sericeus;Staphylininae
Rientis ruficornis;Staphylininae
Scaponopselaphus mutator;Staphylininae
Smilax pilosa;Staphylininae
Staphylinus caesareus;Staphylininae
Staphylinus dimidiaticornis;Staphylininae
Staphylinus erythropterus;Staphylininae
Staphylinus fossor;Staphylininae
Staphylinus hottentotus;Staphylininae
Stenistoderus rubripennis;Staphylininae
Stictolinus flavipes;Staphylininae
Styngetus flavicaudus;Staphylininae
Tasgius ater;Staphylininae
Tasgius globulifer;Staphylininae
Tasgius melanarius;Staphylininae
Tasgius morsitans;Staphylininae
Tasgius pedator;Staphylininae
Tasgius winkleri;Staphylininae
Terataki caterinoi;Staphylininae
Thinocafius insularis;Staphylininae
Thinopinus pictus;Staphylininae
Thyreocephalus amphidaseus;Staphylininae
Thyreocephalus annulatus;Staphylininae
Thyreocephalus orthodoxus;Staphylininae
Torobus laetipes;Staphylininae
Tympanophorus puncticollis;Staphylininae
Xantholinus angularis;Staphylininae
Xantholinus audrasi;Staphylininae
Xantholinus elegans;Staphylininae
Xantholinus glabratus;Staphylininae
Xantholinus laevigatus;Staphylininae
Xantholinus linearis;Staphylininae
Xantholinus longiventris;Staphylininae
Xantholinus rhenanus;Staphylininae
Xantholinus tricolor;Staphylininae
Xanthophius angustus;Staphylininae
Xanthophius filum;Staphylininae
Xanthopygus chapareanus;Staphylininae
Xenopygus analis;Staphylininae
Xenopygus excellens;Staphylininae
Xestolinus abdominalis;Staphylininae
Zackfalinus lamperos;Staphylininae
Dianous andrewesi;Steninae
Dianous banghaasi;Steninae
Dianous betzi;Steninae
Dianous chalybaeus;Steninae
Dianous chetri;Steninae
Dianous coerulescens;Steninae
Dianous elegantulus;Steninae
Dianous fellowesi;Steninae
Dianous fengtingae;Steninae
Dianous fornicifrons;Steninae
Dianous karen;Steninae
Dianous luteolunatus;Steninae
Dianous meo;Steninae
Dianous nitidicollis;Steninae
Dianous nitidulus;Steninae
Dianous obliquenotatus;Steninae
Dianous pseudacutus;Steninae
Dianous punctiventris;Steninae
Dianous scabricollis;Steninae
Dianous siwalikensis;Steninae
Dianous srivichaii;Steninae
Dianous tortuous;Steninae
Dianous tubericollis;Steninae
Dianous vietnamensis;Steninae
Stenus advena;Steninae
Stenus ageus;Steninae
Stenus alexanderi;Steninae
Stenus alienigenus;Steninae
Stenus amoenus;Steninae
Stenus angusticollis;Steninae
Stenus annularis;Steninae
Stenus araxis;Steninae
Stenus argus;Steninae
Stenus assequens;Steninae
Stenus ater;Steninae
Stenus atratulus;Steninae
Stenus austini;Steninae
Stenus beesoni;Steninae
Stenus bifoveolatus;Steninae
Stenus biguttatus;Steninae
Stenus bilineatus;Steninae
Stenus bimaculatus;Steninae
Stenus binotatus;Steninae
Stenus biplagiatus;Steninae
Stenus bivulneratus;Steninae
Stenus bohemicus;Steninae
Stenus boops;Steninae
Stenus brivioi;Steninae
Stenus brunnipes;Steninae
Stenus callidus;Steninae
Stenus canaliculatus;Steninae
Stenus carbonarius;Steninae
Stenus cariniceps;Steninae
Stenus carinicollis;Steninae
Stenus caseyi;Steninae
Stenus cf. araxis;Steninae
Stenus cicindeloides;Steninae
Stenus circularis;Steninae
Stenus clavicornis;Steninae
Stenus colonus;Steninae
Stenus comma;Steninae
Stenus coriaceus;Steninae
Stenus coronatus;Steninae
Stenus crassus;Steninae
Stenus dentellus;Steninae
Stenus difficilis;Steninae
Stenus diffidens;Steninae
Stenus diversiventris;Steninae
Stenus dolosus;Steninae
Stenus egenulus;Steninae
Stenus egenus;Steninae
Stenus ellipticus;Steninae
Stenus erythrocnemus;Steninae
Stenus erythropus;Steninae
Stenus eumerus;Steninae
Stenus europaeus;Steninae
Stenus eurous;Steninae
Stenus excubitor;Steninae
Stenus explanipennis;Steninae
Stenus exploratus;Steninae
Stenus fasciculatus;Steninae
Stenus feae;Steninae
Stenus femoratus;Steninae
Stenus flavicornis;Steninae
Stenus flavipalpis;Steninae
Stenus flavipes;Steninae
Stenus formicetorum;Steninae
Stenus fornicatus;Steninae
Stenus fossulatus;Steninae
Stenus fulvicornis;Steninae
Stenus fuscicornis;Steninae
Stenus fuscipes;Steninae
Stenus gallicus;Steninae
Stenus ganglbaueri;Steninae
Stenus geniculatus;Steninae
Stenus gestroi;Steninae
Stenus gratiosus;Steninae
Stenus guttula;Steninae
Stenus hatchi;Steninae
Stenus humeralis;Steninae
Stenus humilis;Steninae
Stenus hyperboreus;Steninae
Stenus hypoproditor;Steninae
Stenus immarginatus;Steninae
Stenus impressus;Steninae
Stenus incanus;Steninae
Stenus incrassatus;Steninae
Stenus indicus;Steninae
Stenus insignatus;Steninae
Stenus insularis;Steninae
Stenus intermedius;Steninae
Stenus intricatus;Steninae
Stenus juno;Steninae
Stenus kamtschaticus;Steninae
Stenus kiesenwetteri;Steninae
Stenus koebelei;Steninae
Stenus labilis;Steninae
Stenus laccophilus;Steninae
Stenus laoticus;Steninae
Stenus latifrons;Steninae
Stenus latissimus;Steninae
Stenus lewisius;Steninae
Stenus longipes;Steninae
Stenus longitarsis;Steninae
Stenus ludyi;Steninae
Stenus lustrator;Steninae
Stenus luteomaculatus;Steninae
Stenus maculiger;Steninae
Stenus mammops;Steninae
Stenus maritimus;Steninae
Stenus martensi;Steninae
Stenus megacephalus;Steninae
Stenus melanarius;Steninae
Stenus melanopus;Steninae
Stenus mongolicus;Steninae
Stenus montivagus;Steninae
Stenus morio;Steninae
Stenus mundulus;Steninae
Stenus nanus;Steninae
Stenus neglectus;Steninae
Stenus nigritulus;Steninae
Stenus nitens;Steninae
Stenus nitidiusculus;Steninae
Stenus niveus;Steninae
Stenus noctivagus;Steninae
Stenus notaculipennis;Steninae
Stenus occidentalis;Steninae
Stenus ochropus;Steninae
Stenus opticus;Steninae
Stenus ossium;Steninae
Stenus pallipes;Steninae
Stenus pallitarsis;Steninae
Stenus palposus;Steninae
Stenus palustris;Steninae
Stenus paradecens;Steninae
Stenus parallelopipedus;Steninae
Stenus pauperculus;Steninae
Stenus picipennis;Steninae
Stenus picipes;Steninae
Stenus pieperi;Steninae
Stenus pilicornis;Steninae
Stenus pilosiventris;Steninae
Stenus plagiocephalus;Steninae
Stenus plicipennis;Steninae
Stenus pluto;Steninae
Stenus pollens;Steninae
Stenus proclinatus;Steninae
Stenus proditor;Steninae
Stenus providus;Steninae
Stenus pterobrachys;Steninae
Stenus puberulus;Steninae
Stenus pubescens;Steninae
Stenus pudicus;Steninae
Stenus pumilio;Steninae
Stenus punctatus;Steninae
Stenus pusillus;Steninae
Stenus pustulatus;Steninae
Stenus puthzianus;Steninae
Stenus quebecensis;Steninae
Stenus reconditus;Steninae
Stenus rigidus;Steninae
Stenus rorellus;Steninae
Stenus rossi;Steninae
Stenus rugipennis;Steninae
Stenus ruralis;Steninae
Stenus sayi;Steninae
Stenus scabriculus;Steninae
Stenus schah;Steninae
Stenus schwarzi;Steninae
Stenus schwendingeri;Steninae
Stenus sculptilis;Steninae
Stenus sectator;Steninae
Stenus sibiricus;Steninae
Stenus similioides;Steninae
Stenus similis;Steninae
Stenus solutus;Steninae
Stenus sordidus;Steninae
Stenus stigmatias;Steninae
Stenus stigmula;Steninae
Stenus strandi;Steninae
Stenus strangulatus;Steninae
Stenus stygicus;Steninae
Stenus subarcticus;Steninae
Stenus subsimilis;Steninae
Stenus subthoracicus;Steninae
Stenus sylvester;Steninae
Stenus tarsalis;Steninae
Stenus tenuipes;Steninae
Stenus thanonensis;Steninae
Stenus turk;Steninae
Stenus umbratilis;Steninae
Stenus variipennis;Steninae
Stenus venustus;Steninae
Stenus verticalis;Steninae
Stenus vexatus;Steninae
Stenus vinnulus;Steninae
Stenus virgula;Steninae
Stenus viti;Steninae
Stenus yaoluopingus;Steninae
Bolitobius castaneus;Tachyporinae
Bolitobius cingulatus;Tachyporinae
Bolitobius inclinans;Tachyporinae
Bolitopunctus muricatulus;Tachyporinae
Bolitopunctus sp.;Tachyporinae
Bryophacis arcticus;Tachyporinae
Bryophacis biseriatus;Tachyporinae
Bryophacis maklini;Tachyporinae
Bryophacis punctatissimus;Tachyporinae
Bryophacis rubescens;Tachyporinae
Bryophacis smetanai;Tachyporinae
Bryophacis sp.;Tachyporinae
Bryoporus cernuus;Tachyporinae
Bryoporus ruber;Tachyporinae
Bryoporus rufescens;Tachyporinae
Carphacis effrenatus;Tachyporinae
Carphacis intrusus;Tachyporinae
Carphacis nepigonensis;Tachyporinae
Carphacis striatus;Tachyporinae
Cilea exilis;Tachyporinae
Cilea silphoides;Tachyporinae
Coproporus immigrans;Tachyporinae
Coproporus pulchellus;Tachyporinae
Coproporus tachyporoides;Tachyporinae
Coproporus ventriculus;Tachyporinae
Derops uenoi;Tachyporinae
Ischnosoma fimbriatum;Tachyporinae
Ischnosoma longicorne;Tachyporinae
Ischnosoma pictum;Tachyporinae
Ischnosoma splendidum;Tachyporinae
Ischnosoma virginensis;Tachyporinae
Ischnosoma virginicum;Tachyporinae
Lamprinodes saginatus;Tachyporinae
Lordithon anticus;Tachyporinae
Lordithon appalachianus;Tachyporinae
Lordithon bimaculatus;Tachyporinae
Lordithon cascadensis;Tachyporinae
Lordithon cincticollis;Tachyporinae
Lordithon cinctus;Tachyporinae
Lordithon conabilis;Tachyporinae
Lordithon dimidiatus;Tachyporinae
Lordithon exoletus;Tachyporinae
Lordithon facilis;Tachyporinae
Lordithon fungicola;Tachyporinae
Lordithon intrusus;Tachyporinae
Lordithon kelleyi;Tachyporinae
Lordithon longiceps;Tachyporinae
Lordithon lunulatus;Tachyporinae
Lordithon niger;Tachyporinae
Lordithon poecilus;Tachyporinae
Lordithon pulchellus;Tachyporinae
Lordithon pygmaeus;Tachyporinae
Lordithon quaesitor;Tachyporinae
Lordithon scutellaris;Tachyporinae
Lordithon speciosus;Tachyporinae
Lordithon thoracicus;Tachyporinae
Lordithon trimaculatus;Tachyporinae
Lordithon trinotatus;Tachyporinae
Mycetoporus altaicus;Tachyporinae
Mycetoporus americanus;Tachyporinae
Mycetoporus bipunctatus;Tachyporinae
Mycetoporus boreellus;Tachyporinae
Mycetoporus clavicornis;Tachyporinae
Mycetoporus consors;Tachyporinae
Mycetoporus eppelsheimianus;Tachyporinae
Mycetoporus horni;Tachyporinae
Mycetoporus inquisitus;Tachyporinae
Mycetoporus lepidus;Tachyporinae
Mycetoporus longulus;Tachyporinae
Mycetoporus lucidulus;Tachyporinae
Mycetoporus maerkelii;Tachyporinae
Mycetoporus montanus;Tachyporinae
Mycetoporus monticola;Tachyporinae
Mycetoporus niger;Tachyporinae
Mycetoporus nigrans;Tachyporinae
Mycetoporus pachyraphis;Tachyporinae
Mycetoporus pacificus;Tachyporinae
Mycetoporus punctus;Tachyporinae
Mycetoporus reichei;Tachyporinae
Mycetoporus rufescens;Tachyporinae
Mycetoporus rufohumeralis;Tachyporinae
Mycetoporus rugosus;Tachyporinae
Mycetoporus smetanai;Tachyporinae
Mycetoporus tenuis;Tachyporinae
Nitidotachinus horni;Tachyporinae
Nitidotachinus scrutator;Tachyporinae
Nitidotachinus tachyporoides;Tachyporinae
Sepedophilus basalis;Tachyporinae
Sepedophilus bipunctatus;Tachyporinae
Sepedophilus bisignatus;Tachyporinae
Sepedophilus castaneus;Tachyporinae
Sepedophilus cinctulus;Tachyporinae
Sepedophilus constans;Tachyporinae
Sepedophilus crassus;Tachyporinae
Sepedophilus frosti;Tachyporinae
Sepedophilus immaculatus;Tachyporinae
Sepedophilus littoreus;Tachyporinae
Sepedophilus lokayi;Tachyporinae
Sepedophilus lusitanicus;Tachyporinae
Sepedophilus marshami;Tachyporinae
Sepedophilus nigripennis;Tachyporinae
Sepedophilus obtusus;Tachyporinae
Sepedophilus occultus;Tachyporinae
Sepedophilus opicus;Tachyporinae
Sepedophilus pedicularius;Tachyporinae
Sepedophilus scriptus;Tachyporinae
Sepedophilus testaceus;Tachyporinae
Sepedophilus versicolor;Tachyporinae
Tachinus addendus;Tachyporinae
Tachinus angustatus;Tachyporinae
Tachinus apterus;Tachyporinae
Tachinus basalis;Tachyporinae
Tachinus bipustulatus;Tachyporinae
Tachinus contortus;Tachyporinae
Tachinus corticinus;Tachyporinae
Tachinus crotchii;Tachyporinae
Tachinus elegans;Tachyporinae
Tachinus elongatus;Tachyporinae
Tachinus fimbriatus;Tachyporinae
Tachinus fimetarius;Tachyporinae
Tachinus frigidus;Tachyporinae
Tachinus fumipennis;Tachyporinae
Tachinus horni;Tachyporinae
Tachinus humeralis;Tachyporinae
Tachinus instabilis;Tachyporinae
Tachinus jacuticus;Tachyporinae
Tachinus laticollis;Tachyporinae
Tachinus lignorum;Tachyporinae
Tachinus limbatus;Tachyporinae
Tachinus luridus;Tachyporinae
Tachinus maculicollis;Tachyporinae
Tachinus marginatus;Tachyporinae
Tachinus marginellus;Tachyporinae
Tachinus memnonius;Tachyporinae
Tachinus minimus;Tachyporinae
Tachinus nigricornis;Tachyporinae
Tachinus pallipes;Tachyporinae
Tachinus picipes;Tachyporinae
Tachinus proximus;Tachyporinae
Tachinus quebecensis;Tachyporinae
Tachinus rufipes;Tachyporinae
Tachinus schneideri;Tachyporinae
Tachinus schwarzi;Tachyporinae
Tachinus semirufus;Tachyporinae
Tachinus smetanai;Tachyporinae
Tachinus subterraneus;Tachyporinae
Tachinus tachyporoides;Tachyporinae
Tachinus thruppi;Tachyporinae
Tachinus vergatus;Tachyporinae
Tachyporus abdominalis;Tachyporinae
Tachyporus atriceps;Tachyporinae
Tachyporus borealis;Tachyporinae
Tachyporus browni;Tachyporinae
Tachyporus californicus;Tachyporinae
Tachyporus canadensis;Tachyporinae
Tachyporus chrysomelinus;Tachyporinae
Tachyporus corpulentus;Tachyporinae
Tachyporus dispar;Tachyporinae
Tachyporus elegans;Tachyporinae
Tachyporus flavipennis;Tachyporinae
Tachyporus formosus;Tachyporinae
Tachyporus hypnorum;Tachyporinae
Tachyporus jocosus;Tachyporinae
Tachyporus lecontei;Tachyporinae
Tachyporus maculicollis;Tachyporinae
Tachyporus mexicanus;Tachyporinae
Tachyporus nimbicola;Tachyporinae
Tachyporus nitidulus;Tachyporinae
Tachyporus obtusus;Tachyporinae
Tachyporus ornatus;Tachyporinae
Tachyporus pallidus;Tachyporinae
Tachyporus pulchellus;Tachyporinae
Tachyporus pusillus;Tachyporinae
Tachyporus ruficollis;Tachyporinae
Tachyporus rulomus;Tachyporinae
Tachyporus scitulus;Tachyporinae
Tachyporus solutus;Tachyporinae
Tachyporus spACG2604;Tachyporinae
Tachyporus tersus;Tachyporinae
Tachyporus transversalis;Tachyporinae
Vatesus aff. goianus;Tachyporinae
Vatesus cf. cincinnati;Tachyporinae
Trichophya pilicornis;Trichophyinae
Trigonurus crotchi;Trigonurinae
Trigonurus dilaticollis;Trigonurinae
Trigonurus sharpi;Trigonurinae
Pseudoexeirarthra spinifer;
